{"type":"FeatureCollection","features":[{"type":"Feature","geometry":{"type":"Polygon","coordinates":[[[109.4161,-7.5388],[109.4371,-7.5272],[109.4556,-7.5233],[109.468,-7.5224],[109.4848,-7.5112],[109.5082,-7.5087],[109.526,-7.5157],[109.5514,-7.5115],[109.5939,-7.513],[109.6191,-7.4916],[109.6393,-7.482],[109.6483,-7.4954],[109.6651,-7.4929],[109.6844,-7.5035],[109.7113,-7.4828],[109.741,-7.4688],[109.7507,-7.4578],[109.7562,-7.4491],[109.8095,-7.4489],[109.8282,-7.4437],[109.8317,-7.4327],[109.8286,-7.4216],[109.8178,-7.416],[109.7858,-7.4059],[109.7793,-7.4023],[109.7581,-7.3887],[109.7557,-7.3858],[109.7869,-7.3562],[109.7877,-7.3412],[109.8402,-7.286],[109.8436,-7.2749],[109.8505,-7.2548],[109.8526,-7.2509],[109.8617,-7.2328],[109.8676,-7.2305],[109.8752,-7.2251],[109.9067,-7.2217],[109.9105,-7.2002],[109.9173,-7.1911],[109.9116,-7.1954],[109.899,-7.1901],[109.867,-7.1874],[109.8485,-7.1778],[109.8334,-7.1899],[109.8159,-7.1811],[109.7987,-7.1712],[109.7752,-7.1801],[109.7616,-7.1766],[109.7437,-7.1904],[109.7141,-7.1982],[109.69,-7.1951],[109.6814,-7.1745],[109.648,-7.1721],[109.6413,-7.1762],[109.6285,-7.1884],[109.6113,-7.2108],[109.5964,-7.2059],[109.5612,-7.2304],[109.5386,-7.2444],[109.5499,-7.2555],[109.5695,-7.2647],[109.5742,-7.2712],[109.5761,-7.2795],[109.5845,-7.2932],[109.5673,-7.3007],[109.5626,-7.3323],[109.534,-7.3284],[109.5193,-7.3457],[109.5341,-7.3575],[109.536,-7.378],[109.5413,-7.3906],[109.5467,-7.4026],[109.543,-7.4032],[109.5172,-7.4127],[109.5058,-7.4239],[109.5062,-7.4477],[109.5028,-7.4481],[109.4893,-7.4425],[109.4411,-7.4542],[109.4361,-7.4507],[109.4128,-7.4708],[109.4024,-7.4759],[109.3807,-7.4828],[109.3719,-7.4847],[109.3616,-7.4853],[109.3655,-7.5035],[109.3766,-7.523],[109.3876,-7.5302],[109.4161,-7.5388]]]},"properties":{"kdkb":"3304","nama":"Banjarnegara","kdpr":"33"}},{"type":"Feature","geometry":{"type":"Polygon","coordinates":[[[109.4412,-7.613],[109.4374,-7.604],[109.4203,-7.5858],[109.4154,-7.5697],[109.4286,-7.5562],[109.4161,-7.5388],[109.3876,-7.5302],[109.3766,-7.523],[109.3655,-7.5035],[109.3616,-7.4853],[109.3381,-7.4873],[109.321,-7.4737],[109.341,-7.4583],[109.3127,-7.4097],[109.2946,-7.3618],[109.2694,-7.3186],[109.2549,-7.2806],[109.2237,-7.2463],[109.2174,-7.2489],[109.2021,-7.2473],[109.1792,-7.2626],[109.1651,-7.2712],[109.1353,-7.2679],[109.1171,-7.2751],[109.1046,-7.3025],[109.0839,-7.3047],[109.0688,-7.3322],[109.0568,-7.3402],[109.0362,-7.3515],[109.0365,-7.3428],[109.0165,-7.3352],[108.9696,-7.3336],[108.9671,-7.3322],[108.9649,-7.3424],[108.9398,-7.3857],[108.9301,-7.4233],[108.9145,-7.445],[108.9098,-7.4661],[108.9483,-7.468],[108.9562,-7.4701],[108.959,-7.4694],[108.9638,-7.4722],[108.9646,-7.4864],[108.9575,-7.4938],[108.981,-7.5198],[109.0046,-7.5291],[109.0028,-7.5438],[109.0422,-7.5595],[109.0581,-7.5563],[109.067,-7.5734],[109.0935,-7.5779],[109.1674,-7.5752],[109.1728,-7.5526],[109.2028,-7.5582],[109.2539,-7.5909],[109.2682,-7.5926],[109.2633,-7.6203],[109.2927,-7.6245],[109.359,-7.6402],[109.3834,-7.6637],[109.3895,-7.6581],[109.389,-7.6458],[109.3921,-7.6472],[109.4033,-7.6467],[109.4071,-7.6513],[109.4079,-7.6491],[109.4239,-7.6371],[109.4349,-7.6358],[109.44,-7.6264],[109.4412,-7.613]]]},"properties":{"kdkb":"3302","nama":"Banyumas","kdpr":"33"}},{"type":"Feature","geometry":{"type":"Polygon","coordinates":[[[109.9173,-7.1911],[109.9183,-7.1947],[109.9227,-7.1872],[109.9227,-7.1868],[109.9398,-7.1576],[109.9399,-7.1417],[109.978,-7.075],[109.9797,-7.0688],[109.9742,-7.0339],[110.0119,-7.0171],[110.051,-6.9802],[110.047,-6.9464],[110.0342,-6.9381],[110.0402,-6.9238],[110.0279,-6.9148],[109.9826,-6.9242],[109.9341,-6.9156],[109.8699,-6.9151],[109.8208,-6.904],[109.7993,-6.8912],[109.7122,-6.8725],[109.6947,-6.9124],[109.697,-6.921],[109.6882,-6.9332],[109.6812,-6.9311],[109.6785,-6.9336],[109.677,-6.9375],[109.7027,-6.9648],[109.7074,-6.9865],[109.7217,-6.9866],[109.7307,-7.0028],[109.7477,-7.0119],[109.759,-7.0306],[109.7571,-7.0754],[109.7458,-7.0974],[109.754,-7.1127],[109.7716,-7.116],[109.7729,-7.1317],[109.775,-7.1447],[109.7876,-7.1662],[109.8028,-7.1724],[109.8159,-7.1811],[109.8334,-7.1899],[109.8485,-7.1778],[109.867,-7.1874],[109.899,-7.1901],[109.9116,-7.1954],[109.9173,-7.1911]]]},"properties":{"kdkb":"3325","nama":"Batang","kdpr":"33"}},{"type":"Feature","geometry":{"type":"Polygon","coordinates":[[[111.4501,-7.3552],[111.4525,-7.3431],[111.4593,-7.3466],[111.4602,-7.3409],[111.4577,-7.322],[111.4413,-7.3154],[111.4246,-7.3071],[111.4376,-7.293],[111.4444,-7.2786],[111.4474,-7.2756],[111.4514,-7.2742],[111.4564,-7.2497],[111.4691,-7.2623],[111.4867,-7.2608],[111.491,-7.2582],[111.4878,-7.2431],[111.5017,-7.2485],[111.5224,-7.2372],[111.555,-7.2017],[111.5692,-7.1989],[111.5681,-7.186],[111.5837,-7.1754],[111.5986,-7.1552],[111.6106,-7.1433],[111.6121,-7.1384],[111.6203,-7.1103],[111.618,-7.1068],[111.619,-7.0735],[111.628,-7.0621],[111.6249,-7.0561],[111.6134,-7.035],[111.615,-7.0024],[111.6221,-6.9892],[111.6108,-6.975],[111.5721,-6.9524],[111.5762,-6.9238],[111.5689,-6.9191],[111.5386,-6.9004],[111.5021,-6.8933],[111.4881,-6.8812],[111.4767,-6.8865],[111.4544,-6.8763],[111.4255,-6.8941],[111.4142,-6.8844],[111.3897,-6.8927],[111.3479,-6.886],[111.3301,-6.8687],[111.2848,-6.8651],[111.2726,-6.8583],[111.2543,-6.8583],[111.24,-6.8585],[111.2388,-6.8506],[111.2228,-6.8481],[111.2238,-6.8635],[111.2033,-6.88],[111.1983,-6.8983],[111.1438,-6.9108],[111.1203,-6.913],[111.113,-6.9235],[111.1065,-6.9621],[111.1113,-6.978],[111.1401,-6.9811],[111.1611,-6.9808],[111.1714,-6.9855],[111.1737,-6.9911],[111.1918,-7.0043],[111.2017,-7.018],[111.2179,-7.0303],[111.2138,-7.0771],[111.2405,-7.1385],[111.2467,-7.1815],[111.2379,-7.241],[111.2272,-7.2439],[111.2218,-7.2526],[111.2237,-7.2618],[111.2307,-7.2676],[111.2399,-7.2756],[111.2442,-7.2855],[111.2881,-7.2901],[111.2957,-7.3002],[111.3471,-7.3229],[111.3449,-7.3353],[111.3675,-7.3348],[111.3687,-7.3407],[111.3824,-7.3466],[111.4163,-7.3488],[111.4264,-7.3561],[111.4361,-7.3662],[111.4473,-7.372],[111.4525,-7.3748],[111.4622,-7.3571],[111.4501,-7.3552]]]},"properties":{"kdkb":"3316","nama":"Blora","kdpr":"33"}},{"type":"Feature","geometry":{"type":"Polygon","coordinates":[[[110.5388,-7.635],[110.5505,-7.6032],[110.5735,-7.5841],[110.5818,-7.5878],[110.6116,-7.5762],[110.6492,-7.5877],[110.6673,-7.5841],[110.693,-7.5914],[110.7131,-7.5844],[110.7264,-7.5538],[110.7116,-7.5479],[110.7134,-7.5416],[110.7084,-7.5402],[110.7093,-7.5323],[110.781,-7.5238],[110.7949,-7.5308],[110.803,-7.5318],[110.8062,-7.5323],[110.8112,-7.5255],[110.8157,-7.5232],[110.8064,-7.4917],[110.8048,-7.4593],[110.8016,-7.4592],[110.7809,-7.4531],[110.7745,-7.4291],[110.7734,-7.4189],[110.7727,-7.3922],[110.799,-7.3695],[110.8032,-7.3275],[110.7972,-7.3078],[110.7936,-7.2954],[110.7944,-7.284],[110.788,-7.2662],[110.7979,-7.256],[110.8286,-7.2518],[110.8278,-7.2367],[110.8433,-7.2191],[110.8466,-7.2144],[110.8586,-7.2123],[110.8458,-7.2028],[110.8333,-7.1979],[110.8242,-7.2123],[110.7888,-7.2434],[110.7668,-7.2444],[110.7855,-7.1939],[110.7602,-7.1864],[110.75,-7.1487],[110.7416,-7.141],[110.7279,-7.1528],[110.7041,-7.1851],[110.6902,-7.1894],[110.6925,-7.2404],[110.683,-7.2416],[110.669,-7.2288],[110.6441,-7.219],[110.624,-7.234],[110.6363,-7.2639],[110.6217,-7.2893],[110.6046,-7.2901],[110.6036,-7.3],[110.5993,-7.3071],[110.6031,-7.3226],[110.6079,-7.331],[110.6358,-7.3282],[110.6402,-7.3507],[110.6248,-7.3823],[110.6347,-7.3896],[110.6358,-7.4297],[110.6188,-7.4465],[110.6354,-7.4707],[110.6554,-7.4805],[110.6392,-7.4953],[110.6279,-7.4919],[110.606,-7.4878],[110.5788,-7.4655],[110.5891,-7.4648],[110.5818,-7.4279],[110.5582,-7.4417],[110.5445,-7.4331],[110.5175,-7.4387],[110.5113,-7.4095],[110.5042,-7.4115],[110.4756,-7.4044],[110.4587,-7.414],[110.4427,-7.4496],[110.4342,-7.4652],[110.4331,-7.4778],[110.411,-7.4968],[110.3801,-7.5117],[110.3872,-7.5134],[110.4044,-7.5168],[110.4267,-7.5293],[110.4294,-7.5323],[110.4398,-7.5369],[110.4494,-7.5441],[110.4769,-7.5571],[110.4932,-7.5836],[110.5065,-7.5903],[110.513,-7.6108],[110.5311,-7.6264],[110.5388,-7.635]],[[110.5714,-7.4451],[110.565,-7.4426],[110.5723,-7.4423],[110.5714,-7.4451]]]},"properties":{"kdkb":"3309","nama":"Boyolali","kdpr":"33"}},{"type":"Feature","geometry":{"type":"Polygon","coordinates":[[[109.0365,-7.3428],[109.0362,-7.3515],[109.0568,-7.3402],[109.0688,-7.3322],[109.0839,-7.3047],[109.1046,-7.3025],[109.1171,-7.2751],[109.1353,-7.2679],[109.1651,-7.2712],[109.1624,-7.2621],[109.1755,-7.2398],[109.1575,-7.2442],[109.1496,-7.2462],[109.1103,-7.2151],[109.1077,-7.2126],[109.0803,-7.215],[109.0775,-7.2009],[109.0652,-7.1969],[109.0576,-7.1916],[109.0557,-7.1849],[109.0656,-7.1705],[109.0814,-7.1552],[109.0824,-7.1352],[109.0618,-7.1281],[109.0571,-7.1499],[109.0365,-7.1404],[109,-7.1417],[108.9837,-7.1321],[108.9654,-7.1507],[108.9515,-7.1269],[108.9773,-7.1213],[108.9859,-7.0971],[108.9693,-7.0604],[108.9884,-7.0602],[109.0185,-7.0244],[109.0272,-6.9857],[109.0452,-6.9874],[109.0769,-6.9623],[109.082,-6.9277],[109.0759,-6.9074],[109.075,-6.8809],[109.082,-6.8588],[109.1023,-6.8397],[109.0819,-6.8214],[109.074,-6.7893],[109.0607,-6.7787],[109.0265,-6.7841],[108.9928,-6.809],[108.9553,-6.8303],[108.9358,-6.8286],[108.9114,-6.8141],[108.8872,-6.8117],[108.8531,-6.7946],[108.8482,-6.7728],[108.8315,-6.7848],[108.8248,-6.8323],[108.8022,-6.8686],[108.7591,-6.9048],[108.7529,-6.9202],[108.7641,-6.9392],[108.7587,-6.9532],[108.7599,-6.9876],[108.7782,-6.9934],[108.7907,-7.0249],[108.7747,-7.0351],[108.7855,-7.0573],[108.7744,-7.0835],[108.7709,-7.1118],[108.726,-7.1153],[108.6946,-7.156],[108.7222,-7.1825],[108.7237,-7.1937],[108.7488,-7.1941],[108.7904,-7.2134],[108.8107,-7.2039],[108.8188,-7.2316],[108.8646,-7.2431],[108.862,-7.2638],[108.8826,-7.2725],[108.9128,-7.291],[108.914,-7.3029],[108.9501,-7.3295],[108.9573,-7.331],[108.9622,-7.3342],[108.967,-7.3321],[108.9696,-7.3336],[109.0165,-7.3352],[109.0365,-7.3428]]]},"properties":{"kdkb":"3329","nama":"Brebes","kdpr":"33"}},{"type":"Feature","geometry":{"type":"Polygon","coordinates":[[[109.3862,-7.6875],[109.3875,-7.6807],[109.3866,-7.6731],[109.3917,-7.6693],[109.3854,-7.6707],[109.3834,-7.6637],[109.359,-7.6402],[109.2927,-7.6245],[109.2633,-7.6203],[109.2682,-7.5926],[109.2539,-7.5909],[109.2028,-7.5582],[109.1728,-7.5526],[109.1674,-7.5752],[109.0935,-7.5779],[109.067,-7.5734],[109.0581,-7.5563],[109.0422,-7.5595],[109.0028,-7.5438],[109.0046,-7.5291],[108.981,-7.5198],[108.9575,-7.4938],[108.9648,-7.4852],[108.9643,-7.4729],[108.9599,-7.4699],[108.9483,-7.468],[108.9098,-7.4661],[108.9145,-7.445],[108.9301,-7.4233],[108.9398,-7.3857],[108.9649,-7.3424],[108.9622,-7.3342],[108.9573,-7.331],[108.9501,-7.3295],[108.914,-7.3029],[108.9128,-7.291],[108.8826,-7.2725],[108.862,-7.2638],[108.8646,-7.2431],[108.8188,-7.2316],[108.8107,-7.2039],[108.7904,-7.2134],[108.7488,-7.1941],[108.7237,-7.1937],[108.7222,-7.1825],[108.6946,-7.156],[108.6586,-7.1556],[108.6458,-7.1423],[108.6188,-7.1413],[108.5917,-7.1504],[108.5621,-7.1714],[108.5661,-7.2008],[108.5812,-7.2065],[108.5848,-7.2407],[108.56,-7.2928],[108.5636,-7.3202],[108.5834,-7.3498],[108.6122,-7.3439],[108.6605,-7.3412],[108.6843,-7.3864],[108.6969,-7.3998],[108.7207,-7.4445],[108.7124,-7.4593],[108.7234,-7.4893],[108.7512,-7.5451],[108.7523,-7.5847],[108.7372,-7.6105],[108.748,-7.6304],[108.7727,-7.6555],[108.7995,-7.6679],[108.7878,-7.7022],[108.814,-7.7345],[108.8782,-7.7445],[108.9615,-7.7643],[109.0068,-7.7778],[109.0194,-7.7607],[109.0224,-7.7315],[109.0308,-7.7168],[109.0594,-7.696],[109.0885,-7.6877],[109.243,-7.6962],[109.3262,-7.706],[109.3679,-7.7151],[109.392,-7.7257],[109.3955,-7.6965],[109.3862,-7.6875]]]},"properties":{"kdkb":"3301","nama":"Cilacap","kdpr":"33"}},{"type":"Feature","geometry":{"type":"Polygon","coordinates":[[[110.5648,-7.0932],[110.5614,-7.0904],[110.5753,-7.0702],[110.5848,-7.0716],[110.5921,-7.0672],[110.5951,-7.0558],[110.6195,-7.0211],[110.6191,-6.9846],[110.6309,-6.9842],[110.6446,-6.979],[110.6717,-6.9761],[110.6804,-6.9968],[110.6732,-7.0082],[110.7295,-7.0329],[110.7626,-7.0217],[110.7746,-6.999],[110.7633,-6.9678],[110.7735,-6.9519],[110.7848,-6.9419],[110.7822,-6.928],[110.8085,-6.8808],[110.8374,-6.855],[110.8343,-6.8471],[110.8208,-6.8497],[110.7992,-6.832],[110.7834,-6.8069],[110.7699,-6.8016],[110.7576,-6.794],[110.7419,-6.7964],[110.7363,-6.794],[110.7294,-6.7933],[110.7174,-6.7893],[110.7048,-6.7948],[110.6941,-6.7751],[110.6669,-6.7645],[110.666,-6.7406],[110.6698,-6.736],[110.671,-6.7223],[110.6496,-6.7164],[110.6212,-6.7086],[110.5981,-6.7268],[110.5899,-6.7238],[110.5668,-6.7262],[110.5573,-6.7385],[110.5679,-6.7765],[110.5601,-6.8037],[110.5309,-6.8318],[110.5282,-6.8474],[110.5088,-6.88],[110.4632,-6.9315],[110.5028,-6.9589],[110.5029,-6.969],[110.5053,-6.9759],[110.5013,-6.985],[110.4904,-7.0043],[110.5039,-7.0107],[110.4848,-7.0516],[110.4855,-7.0551],[110.5009,-7.067],[110.4776,-7.0854],[110.4822,-7.0906],[110.4998,-7.1018],[110.4986,-7.1088],[110.5134,-7.1282],[110.5272,-7.1292],[110.5513,-7.1373],[110.5801,-7.1324],[110.5926,-7.1152],[110.585,-7.1145],[110.5735,-7.1008],[110.5648,-7.0932]]]},"properties":{"kdkb":"3321","nama":"Demak","kdpr":"33"}},{"type":"Feature","geometry":{"type":"Polygon","coordinates":[[[110.9007,-7.282],[110.9222,-7.2696],[110.9578,-7.2819],[110.995,-7.2739],[111.0181,-7.2589],[111.0578,-7.2706],[111.0802,-7.2543],[111.1119,-7.2492],[111.1341,-7.2596],[111.1438,-7.2617],[111.1463,-7.2645],[111.1504,-7.2601],[111.1557,-7.2579],[111.1684,-7.2634],[111.1997,-7.2558],[111.2006,-7.2449],[111.2272,-7.2439],[111.2379,-7.241],[111.2467,-7.1815],[111.2405,-7.1385],[111.2138,-7.0771],[111.2179,-7.0303],[111.2017,-7.018],[111.1918,-7.0043],[111.1737,-6.9911],[111.1714,-6.9855],[111.1611,-6.9808],[111.1401,-6.9811],[111.1113,-6.978],[111.1065,-6.9621],[111.113,-6.9235],[111.1102,-6.9129],[111.09,-6.9547],[111.0697,-6.9691],[111.0328,-6.9723],[110.9784,-6.9673],[110.9455,-6.9749],[110.9158,-6.9659],[110.9004,-6.9883],[110.8858,-6.9691],[110.8558,-6.9874],[110.8481,-6.9958],[110.8406,-6.9934],[110.8264,-7.0017],[110.8182,-6.9964],[110.8109,-7],[110.8038,-6.989],[110.8035,-6.9723],[110.7873,-6.9564],[110.7786,-6.9487],[110.7735,-6.9519],[110.7633,-6.9678],[110.7746,-6.999],[110.7626,-7.0217],[110.7295,-7.0329],[110.6732,-7.0082],[110.6804,-6.9968],[110.6717,-6.9761],[110.6446,-6.979],[110.6309,-6.9842],[110.6191,-6.9846],[110.6195,-7.0211],[110.5951,-7.0558],[110.5921,-7.0672],[110.5848,-7.0716],[110.5753,-7.0702],[110.5614,-7.0904],[110.5648,-7.0932],[110.5735,-7.1008],[110.585,-7.1145],[110.5926,-7.1152],[110.5801,-7.1324],[110.5612,-7.1421],[110.5416,-7.1817],[110.546,-7.1949],[110.5704,-7.189],[110.5841,-7.2028],[110.5934,-7.1994],[110.6008,-7.1999],[110.6064,-7.1949],[110.613,-7.1994],[110.6116,-7.2123],[110.6241,-7.2171],[110.6441,-7.219],[110.669,-7.2288],[110.683,-7.2416],[110.6925,-7.2404],[110.6902,-7.1894],[110.7041,-7.1851],[110.7279,-7.1528],[110.7416,-7.141],[110.75,-7.1487],[110.7602,-7.1864],[110.7855,-7.1939],[110.7668,-7.2444],[110.7888,-7.2434],[110.8242,-7.2123],[110.8333,-7.1979],[110.8458,-7.2028],[110.8586,-7.2123],[110.8466,-7.2144],[110.8433,-7.2191],[110.8278,-7.2367],[110.828,-7.2483],[110.8349,-7.2524],[110.8368,-7.2583],[110.852,-7.2699],[110.8578,-7.2711],[110.8712,-7.2692],[110.8697,-7.2731],[110.877,-7.2773],[110.8892,-7.2727],[110.9008,-7.2759],[110.9007,-7.282]]]},"properties":{"kdkb":"3315","nama":"Grobogan","kdpr":"33"}},{"type":"Feature","geometry":{"type":"MultiPolygon","coordinates":[[[[110.7048,-6.7948],[110.7174,-6.7893],[110.7294,-6.7933],[110.7363,-6.794],[110.7419,-6.7964],[110.7576,-6.794],[110.762,-6.7843],[110.7636,-6.7848],[110.7675,-6.7698],[110.8148,-6.7489],[110.825,-6.736],[110.8253,-6.7037],[110.8391,-6.6996],[110.8332,-6.6891],[110.8472,-6.6519],[110.8592,-6.647],[110.8622,-6.6239],[110.8768,-6.6184],[110.8823,-6.6256],[110.8958,-6.6246],[110.9022,-6.6238],[110.9077,-6.6146],[110.908,-6.6064],[110.9098,-6.5911],[110.9095,-6.5718],[110.9178,-6.5403],[110.911,-6.5183],[110.9147,-6.4959],[110.9294,-6.4958],[110.9688,-6.464],[110.9751,-6.4118],[110.9012,-6.4042],[110.8849,-6.409],[110.8363,-6.4075],[110.819,-6.4233],[110.7853,-6.4255],[110.7587,-6.4413],[110.724,-6.4472],[110.6873,-6.4997],[110.6819,-6.5277],[110.6531,-6.5541],[110.662,-6.574],[110.6536,-6.6087],[110.6382,-6.619],[110.6458,-6.6527],[110.6309,-6.6831],[110.5899,-6.7238],[110.5981,-6.7268],[110.6212,-6.7086],[110.6496,-6.7164],[110.671,-6.7223],[110.6698,-6.736],[110.666,-6.7406],[110.6669,-6.7645],[110.6941,-6.7751],[110.7048,-6.7948]]],[[[110.468,-5.8311],[110.4788,-5.8338],[110.4949,-5.8178],[110.4867,-5.8022],[110.4639,-5.7954],[110.4608,-5.8119],[110.4449,-5.8343],[110.421,-5.8385],[110.446,-5.8761],[110.4734,-5.849],[110.468,-5.8311]]]]},"properties":{"kdkb":"3320","nama":"Jepara","kdpr":"33"}},{"type":"Feature","geometry":{"type":"MultiPolygon","coordinates":[[[[111.0479,-7.7673],[111.0505,-7.7593],[111.0936,-7.7517],[111.1099,-7.7374],[111.1208,-7.7423],[111.1229,-7.7349],[111.1256,-7.7333],[111.1513,-7.7148],[111.1667,-7.7165],[111.1761,-7.7139],[111.1841,-7.6999],[111.1922,-7.6732],[111.1876,-7.6563],[111.1943,-7.6291],[111.1945,-7.6204],[111.169,-7.5902],[111.1531,-7.5628],[111.1461,-7.5275],[111.1396,-7.5239],[111.1297,-7.511],[111.1239,-7.5191],[111.1167,-7.5214],[111.1113,-7.5313],[111.0814,-7.5276],[111.0793,-7.4996],[111.0403,-7.5113],[111.0494,-7.5373],[111.0091,-7.5291],[110.9755,-7.5157],[110.9516,-7.5002],[110.8828,-7.492],[110.8637,-7.473],[110.8408,-7.4596],[110.8127,-7.4603],[110.8048,-7.4593],[110.8064,-7.4917],[110.8174,-7.5289],[110.855,-7.535],[110.8635,-7.5481],[110.8672,-7.5568],[110.8625,-7.5601],[110.8677,-7.5683],[110.9123,-7.5842],[110.9046,-7.6142],[110.9454,-7.6196],[110.9477,-7.6699],[110.9537,-7.6832],[110.9452,-7.7125],[110.9413,-7.7397],[110.9617,-7.7376],[110.9667,-7.7386],[110.9706,-7.7446],[110.9654,-7.7497],[110.9645,-7.7515],[110.9746,-7.7576],[110.9656,-7.7667],[110.9691,-7.7679],[110.9864,-7.7611],[111.0175,-7.7595],[111.0479,-7.7673]]],[[[110.7963,-7.5491],[110.7949,-7.5308],[110.781,-7.5238],[110.7093,-7.5323],[110.7084,-7.5402],[110.7168,-7.5428],[110.7255,-7.538],[110.7629,-7.5419],[110.7773,-7.5467],[110.7963,-7.5491]]]]},"properties":{"kdkb":"3313","nama":"Karanganyar","kdpr":"33"}},{"type":"Feature","geometry":{"type":"Polygon","coordinates":[[[109.392,-7.7257],[109.3863,-7.751],[109.4128,-7.7703],[109.4344,-7.7741],[109.467,-7.7586],[109.56,-7.7715],[109.7017,-7.8003],[109.8192,-7.8305],[109.833,-7.8044],[109.8352,-7.7731],[109.8304,-7.7158],[109.8123,-7.7124],[109.8079,-7.7086],[109.7982,-7.6964],[109.8079,-7.6705],[109.8002,-7.6487],[109.7997,-7.6439],[109.808,-7.6323],[109.8119,-7.6048],[109.815,-7.5992],[109.8108,-7.5999],[109.8082,-7.6069],[109.8005,-7.6123],[109.7879,-7.6085],[109.7645,-7.6032],[109.7508,-7.5801],[109.7412,-7.5742],[109.7379,-7.5353],[109.7673,-7.5182],[109.7685,-7.5065],[109.7561,-7.4681],[109.7507,-7.4578],[109.741,-7.4688],[109.7113,-7.4828],[109.6844,-7.5035],[109.6651,-7.4929],[109.6483,-7.4954],[109.6393,-7.482],[109.6191,-7.4916],[109.5939,-7.513],[109.5514,-7.5115],[109.526,-7.5157],[109.5082,-7.5087],[109.4848,-7.5112],[109.468,-7.5224],[109.4556,-7.5233],[109.435,-7.5289],[109.4286,-7.5562],[109.4154,-7.5697],[109.4203,-7.5858],[109.4374,-7.604],[109.4412,-7.613],[109.44,-7.6264],[109.4349,-7.6358],[109.4239,-7.6371],[109.4079,-7.6491],[109.4071,-7.6513],[109.4033,-7.6467],[109.3921,-7.6472],[109.389,-7.6458],[109.3895,-7.6581],[109.3854,-7.6707],[109.3917,-7.6693],[109.3866,-7.6731],[109.3875,-7.6807],[109.3862,-7.6875],[109.3955,-7.6965],[109.392,-7.7257]]]},"properties":{"kdkb":"3305","nama":"Kebumen","kdpr":"33"}},{"type":"Feature","geometry":{"type":"Polygon","coordinates":[[[110.0125,-7.1547],[110.0162,-7.1509],[110.0366,-7.1388],[110.041,-7.1347],[110.0509,-7.1276],[110.0551,-7.1236],[110.0579,-7.1214],[110.0766,-7.1209],[110.0913,-7.1068],[110.1179,-7.0952],[110.1251,-7.0973],[110.1393,-7.0986],[110.1525,-7.0986],[110.1634,-7.0972],[110.1672,-7.0998],[110.1772,-7.0824],[110.1934,-7.0806],[110.1901,-7.1079],[110.1661,-7.1128],[110.1448,-7.1253],[110.1418,-7.1286],[110.1421,-7.1335],[110.1404,-7.1381],[110.1523,-7.1473],[110.1614,-7.1434],[110.169,-7.1434],[110.1777,-7.1485],[110.1927,-7.1647],[110.2031,-7.1775],[110.2121,-7.1823],[110.221,-7.1841],[110.2388,-7.1877],[110.2521,-7.1888],[110.2526,-7.1915],[110.2697,-7.1965],[110.3325,-7.1933],[110.3426,-7.1879],[110.3388,-7.1733],[110.3499,-7.1163],[110.3494,-7.1109],[110.355,-7.1078],[110.3561,-7.1066],[110.3518,-7.1016],[110.3436,-7.088],[110.3372,-7.1043],[110.3177,-7.1067],[110.3132,-7.1063],[110.3101,-7.1029],[110.3033,-7.0971],[110.3011,-7.08],[110.3007,-7.0725],[110.2877,-7.0505],[110.2691,-7.0465],[110.2818,-6.9875],[110.2957,-6.9684],[110.2919,-6.9555],[110.2931,-6.9515],[110.3059,-6.9375],[110.3104,-6.9369],[110.2849,-6.9197],[110.2508,-6.9097],[110.2407,-6.8898],[110.2265,-6.8803],[110.2188,-6.8605],[110.1716,-6.8446],[110.1651,-6.8599],[110.1317,-6.8808],[110.0721,-6.9008],[110.0422,-6.9049],[110.0279,-6.9148],[110.0402,-6.9238],[110.0342,-6.9381],[110.047,-6.9464],[110.051,-6.9802],[110.0119,-7.0171],[109.9742,-7.0339],[109.9797,-7.0688],[109.978,-7.075],[109.9399,-7.1417],[109.9398,-7.1576],[109.9227,-7.1868],[109.9309,-7.1952],[109.9486,-7.1952],[109.9564,-7.1947],[109.9816,-7.18],[110.0125,-7.1547]]]},"properties":{"kdkb":"3324","nama":"Kendal","kdpr":"33"}},{"type":"Feature","geometry":{"type":"Polygon","coordinates":[[[110.588,-7.805],[110.5987,-7.7999],[110.6071,-7.7984],[110.6079,-7.7982],[110.658,-7.8048],[110.6687,-7.7871],[110.6729,-7.7865],[110.6804,-7.8056],[110.7095,-7.8048],[110.7142,-7.799],[110.715,-7.7898],[110.7191,-7.7835],[110.725,-7.7772],[110.7269,-7.7704],[110.7349,-7.7626],[110.7588,-7.7343],[110.7693,-7.7103],[110.7672,-7.6894],[110.7914,-7.6475],[110.7876,-7.642],[110.7471,-7.6039],[110.7206,-7.5949],[110.693,-7.5914],[110.6673,-7.5841],[110.6492,-7.5877],[110.6116,-7.5762],[110.5818,-7.5878],[110.5735,-7.5841],[110.5505,-7.6032],[110.5388,-7.635],[110.5311,-7.6264],[110.513,-7.6108],[110.5065,-7.5903],[110.4932,-7.5836],[110.4769,-7.5571],[110.4494,-7.5441],[110.4461,-7.5418],[110.4563,-7.5576],[110.4685,-7.6176],[110.4687,-7.6383],[110.4917,-7.7414],[110.4918,-7.7668],[110.5071,-7.769],[110.5295,-7.7908],[110.5336,-7.796],[110.5374,-7.7947],[110.5484,-7.7912],[110.5621,-7.7822],[110.5839,-7.798],[110.577,-7.8071],[110.588,-7.805]]]},"properties":{"kdkb":"3310","nama":"Klaten","kdpr":"33"}},{"type":"Feature","geometry":{"type":"Polygon","coordinates":[[[110.2154,-7.5075],[110.2182,-7.5014],[110.2371,-7.4882],[110.2273,-7.4664],[110.2281,-7.4384],[110.2193,-7.4387],[110.2118,-7.4467],[110.2061,-7.4922],[110.2042,-7.5027],[110.2102,-7.5007],[110.2154,-7.5075]]]},"properties":{"kdkb":"3371","nama":"Kota Magelang","kdpr":"33"}},{"type":"Feature","geometry":{"type":"Polygon","coordinates":[[[109.6812,-6.9311],[109.6882,-6.9332],[109.697,-6.921],[109.6947,-6.9124],[109.7122,-6.8725],[109.6977,-6.8603],[109.6659,-6.8517],[109.646,-6.894],[109.6433,-6.8933],[109.6422,-6.9178],[109.6689,-6.9222],[109.6712,-6.9357],[109.675,-6.9294],[109.6785,-6.9336],[109.6812,-6.9311]]]},"properties":{"kdkb":"3375","nama":"Kota Pekalongan","kdpr":"33"}},{"type":"Feature","geometry":{"type":"Polygon","coordinates":[[[110.3132,-7.1063],[110.3177,-7.1067],[110.3372,-7.1043],[110.3436,-7.088],[110.3518,-7.1016],[110.3561,-7.1066],[110.3686,-7.1065],[110.3842,-7.1141],[110.4161,-7.1084],[110.4292,-7.0918],[110.4519,-7.0901],[110.4678,-7.0794],[110.4776,-7.0854],[110.5009,-7.067],[110.4855,-7.0551],[110.4848,-7.0516],[110.5039,-7.0107],[110.4904,-7.0043],[110.5013,-6.985],[110.5053,-6.9759],[110.5029,-6.969],[110.5028,-6.9589],[110.4632,-6.9315],[110.4239,-6.9469],[110.3832,-6.9544],[110.3573,-6.9539],[110.3059,-6.9375],[110.2931,-6.9515],[110.2919,-6.9555],[110.2957,-6.9684],[110.2818,-6.9875],[110.2691,-7.0465],[110.2877,-7.0505],[110.3007,-7.0725],[110.3011,-7.08],[110.3033,-7.0971],[110.3101,-7.1029],[110.3132,-7.1063]]]},"properties":{"kdkb":"3374","nama":"Kota Semarang","kdpr":"33"}},{"type":"Feature","geometry":{"type":"Polygon","coordinates":[[[109.12,-6.8973],[109.1282,-6.8949],[109.1308,-6.8962],[109.1328,-6.8856],[109.1466,-6.8791],[109.1614,-6.8462],[109.1212,-6.8472],[109.103,-6.8396],[109.082,-6.8588],[109.075,-6.8809],[109.0774,-6.8878],[109.12,-6.8973]]]},"properties":{"kdkb":"3376","nama":"Kota Tegal","kdpr":"33"}},{"type":"Feature","geometry":{"type":"Polygon","coordinates":[[[110.7873,-6.9564],[110.8104,-6.9676],[110.8116,-6.945],[110.8147,-6.9404],[110.8229,-6.9443],[110.8312,-6.9455],[110.8481,-6.9316],[110.8451,-6.9203],[110.8647,-6.8921],[110.8827,-6.8929],[110.8781,-6.8674],[110.9206,-6.867],[110.9768,-6.8336],[110.9743,-6.8041],[110.9606,-6.755],[110.9453,-6.756],[110.9245,-6.7323],[110.9336,-6.7063],[110.9305,-6.6942],[110.9071,-6.6555],[110.9003,-6.6328],[110.9028,-6.6278],[110.9022,-6.6238],[110.8958,-6.6246],[110.8823,-6.6256],[110.8768,-6.6184],[110.8622,-6.6239],[110.8592,-6.647],[110.8472,-6.6519],[110.8332,-6.6891],[110.8391,-6.6996],[110.8253,-6.7037],[110.825,-6.736],[110.8148,-6.7489],[110.7675,-6.7698],[110.7636,-6.7848],[110.762,-6.7843],[110.7699,-6.8016],[110.7834,-6.8069],[110.7992,-6.832],[110.8208,-6.8497],[110.8343,-6.8471],[110.8374,-6.855],[110.8085,-6.8808],[110.7822,-6.928],[110.7848,-6.9419],[110.7786,-6.9487],[110.7873,-6.9564]]]},"properties":{"kdkb":"3319","nama":"Kudus","kdpr":"33"}},{"type":"Feature","geometry":{"type":"Polygon","coordinates":[[[110.213,-7.648],[110.245,-7.6512],[110.2503,-7.6461],[110.2638,-7.6527],[110.263,-7.6609],[110.2652,-7.6681],[110.263,-7.679],[110.2726,-7.7068],[110.3041,-7.6549],[110.355,-7.6226],[110.3882,-7.5975],[110.416,-7.5612],[110.4461,-7.5418],[110.4052,-7.5171],[110.3872,-7.5134],[110.3801,-7.5117],[110.411,-7.4968],[110.4331,-7.4778],[110.4342,-7.4652],[110.4393,-7.4536],[110.4249,-7.4349],[110.4143,-7.4166],[110.4042,-7.375],[110.3975,-7.3575],[110.3815,-7.3541],[110.3804,-7.3377],[110.3682,-7.3308],[110.3322,-7.3205],[110.3195,-7.3311],[110.3192,-7.337],[110.3176,-7.3512],[110.2866,-7.364],[110.2629,-7.3809],[110.2552,-7.3709],[110.2495,-7.3691],[110.2364,-7.3727],[110.2348,-7.379],[110.2263,-7.3834],[110.225,-7.3866],[110.2133,-7.3972],[110.2004,-7.3824],[110.1895,-7.3817],[110.1813,-7.3837],[110.1599,-7.3861],[110.1207,-7.3903],[110.0786,-7.3834],[110.0742,-7.3857],[110.0648,-7.403],[110.0595,-7.4218],[110.0596,-7.434],[110.0552,-7.4741],[110.0538,-7.4919],[110.0435,-7.5275],[110.044,-7.5377],[110.0463,-7.5389],[110.051,-7.5517],[110.0624,-7.5721],[110.0806,-7.577],[110.1004,-7.5692],[110.1072,-7.5939],[110.1202,-7.6084],[110.1258,-7.631],[110.1514,-7.6463],[110.213,-7.648]],[[110.2102,-7.5007],[110.2042,-7.5027],[110.2061,-7.4922],[110.2118,-7.4467],[110.2193,-7.4387],[110.2281,-7.4384],[110.2273,-7.4664],[110.2371,-7.4882],[110.2182,-7.5014],[110.2154,-7.5075],[110.2102,-7.5007]]]},"properties":{"kdkb":"3308","nama":"Magelang","kdpr":"33"}},{"type":"Feature","geometry":{"type":"Polygon","coordinates":[[[111.1102,-6.9129],[111.1203,-6.913],[111.1438,-6.9108],[111.1983,-6.8983],[111.2033,-6.88],[111.2238,-6.8635],[111.2228,-6.8481],[111.2388,-6.8506],[111.24,-6.8585],[111.2543,-6.8583],[111.2622,-6.8511],[111.2618,-6.8429],[111.2634,-6.8326],[111.2705,-6.8313],[111.2688,-6.8286],[111.2467,-6.7978],[111.2472,-6.7891],[111.2469,-6.7641],[111.2338,-6.7525],[111.2404,-6.7146],[111.2391,-6.7133],[111.2385,-6.7002],[111.2335,-6.6866],[111.2137,-6.6812],[111.1829,-6.6628],[111.1527,-6.6581],[111.1286,-6.64],[111.0986,-6.5941],[111.0541,-6.4919],[111.0445,-6.434],[111.0487,-6.4261],[110.9929,-6.4062],[110.9751,-6.4118],[110.9688,-6.464],[110.9294,-6.4958],[110.9147,-6.4959],[110.911,-6.5183],[110.9178,-6.5403],[110.9095,-6.5718],[110.9098,-6.5911],[110.908,-6.6064],[110.9077,-6.6146],[110.9028,-6.6278],[110.9003,-6.6328],[110.9071,-6.6555],[110.9305,-6.6942],[110.9336,-6.7063],[110.9245,-6.7323],[110.9453,-6.756],[110.9606,-6.755],[110.9743,-6.8041],[110.9768,-6.8336],[110.9206,-6.867],[110.8781,-6.8674],[110.8827,-6.8929],[110.8647,-6.8921],[110.8451,-6.9203],[110.8481,-6.9316],[110.8312,-6.9455],[110.8229,-6.9443],[110.8147,-6.9404],[110.8116,-6.945],[110.8104,-6.9676],[110.8038,-6.989],[110.8109,-7],[110.8182,-6.9964],[110.8264,-7.0017],[110.8406,-6.9934],[110.8481,-6.9958],[110.8558,-6.9874],[110.8858,-6.9691],[110.9004,-6.9883],[110.9158,-6.9659],[110.9455,-6.9749],[110.9784,-6.9673],[111.0328,-6.9723],[111.0697,-6.9691],[111.09,-6.9547],[111.1102,-6.9129]]]},"properties":{"kdkb":"3318","nama":"Pati","kdpr":"33"}},{"type":"Feature","geometry":{"type":"Polygon","coordinates":[[[109.5386,-7.2444],[109.5612,-7.2304],[109.5964,-7.2059],[109.6113,-7.2108],[109.6285,-7.1884],[109.6413,-7.1762],[109.648,-7.1721],[109.6814,-7.1745],[109.69,-7.1951],[109.7141,-7.1982],[109.7264,-7.2018],[109.7437,-7.1904],[109.7616,-7.1766],[109.7752,-7.1801],[109.7987,-7.1712],[109.7876,-7.1662],[109.775,-7.1447],[109.7729,-7.1317],[109.7716,-7.116],[109.754,-7.1127],[109.7458,-7.0974],[109.7571,-7.0754],[109.759,-7.0306],[109.7477,-7.0119],[109.7307,-7.0028],[109.7217,-6.9866],[109.7074,-6.9865],[109.7027,-6.9648],[109.677,-6.9375],[109.675,-6.9294],[109.6712,-6.9357],[109.6689,-6.9222],[109.6422,-6.9178],[109.6433,-6.8933],[109.646,-6.894],[109.6659,-6.8517],[109.6238,-6.8409],[109.5987,-6.8431],[109.5921,-6.8451],[109.5905,-6.8475],[109.5889,-6.8501],[109.5834,-6.8532],[109.5839,-6.8724],[109.5691,-6.882],[109.568,-6.8857],[109.5614,-6.92],[109.5586,-6.9251],[109.5132,-6.9469],[109.5079,-6.9572],[109.4986,-6.9824],[109.4974,-7.0101],[109.4876,-7.0229],[109.4856,-7.0311],[109.488,-7.0555],[109.5022,-7.0947],[109.4944,-7.1095],[109.4934,-7.1344],[109.5056,-7.1685],[109.5263,-7.199],[109.5212,-7.2078],[109.5217,-7.2118],[109.5383,-7.2393],[109.5372,-7.2436],[109.5386,-7.2444]]]},"properties":{"kdkb":"3326","nama":"Pekalongan","kdpr":"33"}},{"type":"Feature","geometry":{"type":"Polygon","coordinates":[[[109.232,-7.2371],[109.2641,-7.2229],[109.2932,-7.2156],[109.3275,-7.2135],[109.3733,-7.1963],[109.3901,-7.1929],[109.4089,-7.2005],[109.4338,-7.1807],[109.438,-7.1638],[109.4533,-7.1669],[109.4601,-7.1874],[109.4627,-7.2046],[109.4694,-7.2099],[109.4918,-7.2222],[109.5067,-7.2396],[109.5323,-7.2307],[109.5217,-7.2118],[109.5212,-7.2078],[109.5263,-7.199],[109.5056,-7.1685],[109.4934,-7.1344],[109.4944,-7.1095],[109.5022,-7.0947],[109.488,-7.0555],[109.4856,-7.0311],[109.4876,-7.0229],[109.4974,-7.0101],[109.4986,-6.9824],[109.5079,-6.9572],[109.5132,-6.9469],[109.5586,-6.9251],[109.5614,-6.92],[109.568,-6.8857],[109.5691,-6.882],[109.5839,-6.8724],[109.5834,-6.8532],[109.5889,-6.8501],[109.5905,-6.8475],[109.5921,-6.8451],[109.5987,-6.8431],[109.5618,-6.8304],[109.5447,-6.8128],[109.5226,-6.7749],[109.5049,-6.7862],[109.4917,-6.8075],[109.4362,-6.8425],[109.3913,-6.859],[109.3512,-6.8683],[109.3603,-6.8776],[109.3254,-6.9253],[109.3327,-6.9547],[109.3117,-6.9885],[109.2929,-6.9946],[109.2726,-7.0565],[109.2372,-7.0746],[109.2146,-7.1293],[109.1953,-7.13],[109.1888,-7.1608],[109.198,-7.1702],[109.1965,-7.2082],[109.2103,-7.235],[109.2256,-7.242],[109.232,-7.2371]]]},"properties":{"kdkb":"3327","nama":"Pemalang","kdpr":"33"}},{"type":"Feature","geometry":{"type":"Polygon","coordinates":[[[109.3719,-7.4847],[109.3807,-7.4828],[109.4024,-7.4759],[109.4128,-7.4708],[109.4361,-7.4507],[109.4411,-7.4542],[109.4893,-7.4425],[109.5028,-7.4481],[109.5062,-7.4477],[109.5058,-7.4239],[109.5172,-7.4127],[109.543,-7.4032],[109.5467,-7.4026],[109.5413,-7.3906],[109.536,-7.378],[109.5337,-7.3566],[109.5193,-7.3457],[109.534,-7.3284],[109.5626,-7.3323],[109.5673,-7.3007],[109.5845,-7.2932],[109.5762,-7.2797],[109.5751,-7.2731],[109.5707,-7.2662],[109.5499,-7.2555],[109.5372,-7.2436],[109.5383,-7.2393],[109.5323,-7.2307],[109.5067,-7.2396],[109.4918,-7.2222],[109.4694,-7.2099],[109.4627,-7.2046],[109.4601,-7.1874],[109.4533,-7.1669],[109.438,-7.1638],[109.4338,-7.1807],[109.4089,-7.2005],[109.3901,-7.1929],[109.3733,-7.1963],[109.3275,-7.2135],[109.2932,-7.2156],[109.2641,-7.2229],[109.232,-7.2371],[109.2256,-7.242],[109.2237,-7.2463],[109.2549,-7.2806],[109.2694,-7.3186],[109.2946,-7.3618],[109.3127,-7.4097],[109.341,-7.4583],[109.321,-7.4737],[109.3381,-7.4873],[109.3616,-7.4853],[109.3719,-7.4847]]]},"properties":{"kdkb":"3303","nama":"Purbalingga","kdpr":"33"}},{"type":"Feature","geometry":{"type":"Polygon","coordinates":[[[110.0347,-7.8853],[110.045,-7.8696],[110.0594,-7.8413],[110.0623,-7.8144],[110.0808,-7.8066],[110.0902,-7.7893],[110.1127,-7.7769],[110.114,-7.7649],[110.1323,-7.7405],[110.1379,-7.6934],[110.1179,-7.6683],[110.1365,-7.6543],[110.1258,-7.631],[110.1202,-7.6084],[110.1072,-7.5939],[110.1004,-7.5692],[110.0806,-7.577],[110.0624,-7.5721],[110.051,-7.5517],[110.0463,-7.5389],[110.044,-7.5377],[110.0279,-7.5294],[110.0341,-7.5425],[110.0237,-7.5568],[110.0167,-7.5686],[110.0143,-7.5826],[109.9995,-7.5905],[109.9952,-7.5873],[109.9785,-7.577],[109.9702,-7.5538],[109.9737,-7.5407],[109.9752,-7.5397],[109.9527,-7.5251],[109.8984,-7.5197],[109.8603,-7.5446],[109.8367,-7.5751],[109.8164,-7.5927],[109.8157,-7.595],[109.8157,-7.5975],[109.8119,-7.6048],[109.808,-7.6323],[109.7997,-7.6439],[109.8002,-7.6487],[109.8079,-7.6705],[109.7982,-7.6964],[109.8079,-7.7086],[109.8123,-7.7124],[109.8304,-7.7158],[109.8352,-7.7731],[109.833,-7.8044],[109.8288,-7.8231],[109.8632,-7.8398],[109.9693,-7.874],[110.0025,-7.8887],[110.0277,-7.8914],[110.0327,-7.888],[110.0347,-7.8853]]]},"properties":{"kdkb":"3306","nama":"Purworejo","kdpr":"33"}},{"type":"Feature","geometry":{"type":"Polygon","coordinates":[[[111.5689,-6.9191],[111.5745,-6.9184],[111.5782,-6.913],[111.5851,-6.9098],[111.6021,-6.9115],[111.608,-6.9018],[111.6114,-6.8824],[111.6134,-6.8779],[111.6104,-6.8478],[111.6193,-6.8217],[111.635,-6.8289],[111.6563,-6.8206],[111.6612,-6.8167],[111.6644,-6.7972],[111.6631,-6.7708],[111.6755,-6.7693],[111.6774,-6.7708],[111.6879,-6.7594],[111.6914,-6.7538],[111.6387,-6.7098],[111.5626,-6.6394],[111.5259,-6.6296],[111.5118,-6.6331],[111.491,-6.6207],[111.4649,-6.6412],[111.4674,-6.6576],[111.3806,-6.7028],[111.3572,-6.7044],[111.307,-6.6972],[111.2899,-6.6872],[111.2585,-6.6871],[111.2385,-6.7002],[111.2391,-6.7133],[111.2404,-6.7146],[111.2338,-6.7525],[111.2469,-6.7641],[111.2472,-6.7891],[111.2467,-6.7978],[111.2688,-6.8286],[111.2705,-6.8313],[111.2634,-6.8326],[111.2618,-6.8429],[111.2622,-6.8511],[111.2726,-6.8583],[111.2848,-6.8651],[111.3301,-6.8687],[111.3479,-6.886],[111.3897,-6.8927],[111.4142,-6.8844],[111.4255,-6.8941],[111.4544,-6.8763],[111.4767,-6.8865],[111.4881,-6.8812],[111.5021,-6.8933],[111.5386,-6.9004],[111.5689,-6.9191]]]},"properties":{"kdkb":"3317","nama":"Rembang","kdpr":"33"}},{"type":"Feature","geometry":{"type":"Polygon","coordinates":[[[110.5161,-7.3791],[110.5156,-7.3625],[110.5282,-7.3617],[110.5338,-7.3533],[110.5167,-7.3202],[110.5204,-7.2924],[110.5132,-7.2942],[110.5106,-7.3019],[110.5003,-7.3002],[110.4944,-7.2879],[110.4889,-7.2924],[110.4688,-7.2958],[110.4759,-7.3091],[110.4722,-7.3317],[110.4714,-7.3455],[110.4784,-7.3706],[110.4772,-7.3745],[110.4882,-7.3768],[110.4922,-7.3888],[110.5152,-7.3836],[110.5161,-7.3791]]]},"properties":{"kdkb":"3373","nama":"Kota Salatiga","kdpr":"33"}},{"type":"Feature","geometry":{"type":"MultiPolygon","coordinates":[[[[110.6279,-7.4919],[110.6392,-7.4953],[110.6554,-7.4805],[110.6354,-7.4707],[110.6188,-7.4465],[110.6358,-7.4297],[110.6347,-7.3896],[110.6248,-7.3823],[110.6402,-7.3507],[110.6358,-7.3282],[110.6079,-7.331],[110.6031,-7.3226],[110.5993,-7.3071],[110.6036,-7.3],[110.6046,-7.2901],[110.6217,-7.2893],[110.6363,-7.2639],[110.624,-7.234],[110.6241,-7.2171],[110.6116,-7.2123],[110.613,-7.1994],[110.6064,-7.1949],[110.6008,-7.1999],[110.5934,-7.1994],[110.5841,-7.2028],[110.5704,-7.189],[110.546,-7.1949],[110.5416,-7.1817],[110.5612,-7.1421],[110.5513,-7.1373],[110.5272,-7.1292],[110.5134,-7.1282],[110.4986,-7.1088],[110.4998,-7.1018],[110.4822,-7.0906],[110.4678,-7.0794],[110.4519,-7.0901],[110.4292,-7.0918],[110.4161,-7.1084],[110.3842,-7.1141],[110.3686,-7.1065],[110.355,-7.1078],[110.3494,-7.1109],[110.3499,-7.1163],[110.3388,-7.1733],[110.3426,-7.1879],[110.3325,-7.1933],[110.2697,-7.1965],[110.2517,-7.1974],[110.2577,-7.2172],[110.2725,-7.2338],[110.2705,-7.246],[110.3271,-7.296],[110.3175,-7.3048],[110.3135,-7.3088],[110.3255,-7.309],[110.3322,-7.3205],[110.3682,-7.3308],[110.3804,-7.3377],[110.3815,-7.3541],[110.3975,-7.3575],[110.4042,-7.375],[110.4143,-7.4166],[110.4249,-7.4349],[110.4393,-7.4536],[110.4427,-7.4496],[110.4587,-7.414],[110.4756,-7.4044],[110.5042,-7.4115],[110.5113,-7.4095],[110.5175,-7.4387],[110.5445,-7.4331],[110.5582,-7.4417],[110.5818,-7.4279],[110.5891,-7.4648],[110.5788,-7.4655],[110.606,-7.4878],[110.6279,-7.4919]],[[110.5282,-7.3617],[110.5156,-7.3625],[110.5161,-7.3791],[110.5152,-7.3836],[110.4922,-7.3888],[110.4882,-7.3768],[110.4772,-7.3745],[110.4784,-7.3706],[110.4714,-7.3455],[110.4722,-7.3317],[110.4759,-7.3091],[110.4688,-7.2958],[110.4889,-7.2924],[110.4944,-7.2879],[110.5003,-7.3002],[110.5106,-7.3019],[110.5132,-7.2942],[110.5204,-7.2924],[110.5167,-7.3202],[110.5338,-7.3533],[110.5282,-7.3617]]],[[[110.565,-7.4426],[110.5714,-7.4451],[110.5723,-7.4423],[110.565,-7.4426]]]]},"properties":{"kdkb":"3322","nama":"Semarang","kdpr":"33"}},{"type":"Feature","geometry":{"type":"Polygon","coordinates":[[[111.1167,-7.5214],[111.1239,-7.5191],[111.1297,-7.511],[111.1396,-7.5239],[111.1502,-7.5204],[111.1507,-7.5181],[111.1503,-7.5113],[111.1534,-7.5055],[111.1481,-7.4941],[111.1332,-7.475],[111.1191,-7.4233],[111.1371,-7.379],[111.1435,-7.3289],[111.1401,-7.2838],[111.1487,-7.2644],[111.1463,-7.2645],[111.1438,-7.2617],[111.1341,-7.2596],[111.1119,-7.2492],[111.0802,-7.2543],[111.0578,-7.2706],[111.0181,-7.2589],[110.995,-7.2739],[110.9578,-7.2819],[110.9222,-7.2696],[110.9007,-7.282],[110.9008,-7.2759],[110.8892,-7.2727],[110.877,-7.2773],[110.8697,-7.2731],[110.8712,-7.2692],[110.8578,-7.2711],[110.852,-7.2699],[110.8337,-7.2639],[110.8427,-7.3184],[110.8105,-7.303],[110.7972,-7.3078],[110.8032,-7.3275],[110.799,-7.3695],[110.7727,-7.3922],[110.7734,-7.4189],[110.7745,-7.4291],[110.7809,-7.4531],[110.8016,-7.4592],[110.8089,-7.4583],[110.8127,-7.4603],[110.8408,-7.4596],[110.8637,-7.473],[110.8828,-7.492],[110.9516,-7.5002],[110.9755,-7.5157],[111.0091,-7.5291],[111.0494,-7.5373],[111.0403,-7.5113],[111.0793,-7.4996],[111.0814,-7.5276],[111.1113,-7.5313],[111.1167,-7.5214]]]},"properties":{"kdkb":"3314","nama":"Sragen","kdpr":"33"}},{"type":"Feature","geometry":{"type":"Polygon","coordinates":[[[110.8601,-7.7962],[110.8547,-7.7847],[110.8598,-7.7662],[110.8602,-7.7592],[110.866,-7.754],[110.8782,-7.7518],[110.8875,-7.7519],[110.904,-7.7527],[110.9293,-7.7709],[110.9344,-7.7767],[110.9406,-7.768],[110.9399,-7.7466],[110.9452,-7.7125],[110.9537,-7.6832],[110.9477,-7.6699],[110.9454,-7.6196],[110.9046,-7.6142],[110.9123,-7.5842],[110.8677,-7.5683],[110.8546,-7.5699],[110.84,-7.5903],[110.8279,-7.5928],[110.8097,-7.5831],[110.8018,-7.5715],[110.7691,-7.5514],[110.7629,-7.5419],[110.7255,-7.538],[110.7168,-7.5428],[110.7134,-7.5416],[110.7116,-7.5479],[110.7264,-7.5538],[110.7131,-7.5844],[110.7206,-7.5949],[110.7471,-7.6039],[110.7876,-7.642],[110.7914,-7.6475],[110.7672,-7.6894],[110.7693,-7.7103],[110.7588,-7.7343],[110.7349,-7.7626],[110.7269,-7.7704],[110.725,-7.7772],[110.7191,-7.7835],[110.715,-7.7898],[110.7164,-7.7915],[110.7423,-7.8067],[110.7653,-7.8134],[110.7722,-7.8085],[110.7798,-7.8139],[110.7852,-7.7999],[110.8013,-7.7922],[110.833,-7.7954],[110.8397,-7.8013],[110.8601,-7.7962]]]},"properties":{"kdkb":"3311","nama":"Sukoharjo","kdpr":"33"}},{"type":"Feature","geometry":{"type":"Polygon","coordinates":[[[110.8097,-7.5831],[110.8279,-7.5928],[110.84,-7.5903],[110.8546,-7.5699],[110.8625,-7.5601],[110.8672,-7.5568],[110.8635,-7.5481],[110.855,-7.535],[110.8174,-7.5289],[110.8157,-7.5232],[110.8112,-7.5255],[110.8062,-7.5323],[110.803,-7.5318],[110.7963,-7.5491],[110.7773,-7.5467],[110.7691,-7.5514],[110.8018,-7.5715],[110.8097,-7.5831]]]},"properties":{"kdkb":"3372","nama":"Kota Surakarta","kdpr":"33"}},{"type":"Feature","geometry":{"type":"Polygon","coordinates":[[[109.1077,-7.2126],[109.1103,-7.2151],[109.1496,-7.2462],[109.1575,-7.2442],[109.1755,-7.2398],[109.1624,-7.2621],[109.1792,-7.2626],[109.2038,-7.2476],[109.2027,-7.2466],[109.2051,-7.2442],[109.2065,-7.2385],[109.2103,-7.235],[109.1965,-7.2082],[109.198,-7.1702],[109.1888,-7.1608],[109.1953,-7.13],[109.2146,-7.1293],[109.2372,-7.0746],[109.2726,-7.0565],[109.2929,-6.9946],[109.3117,-6.9885],[109.3327,-6.9547],[109.3254,-6.9253],[109.3603,-6.8776],[109.3512,-6.8683],[109.3398,-6.8625],[109.2903,-6.8743],[109.2463,-6.8693],[109.2277,-6.8626],[109.1899,-6.861],[109.1614,-6.8462],[109.1466,-6.8791],[109.1328,-6.8856],[109.1308,-6.8962],[109.1282,-6.8949],[109.12,-6.8973],[109.0774,-6.8878],[109.0759,-6.9074],[109.082,-6.9277],[109.0769,-6.9623],[109.0452,-6.9874],[109.0272,-6.9857],[109.0185,-7.0244],[108.9884,-7.0602],[108.9693,-7.0604],[108.9859,-7.0971],[108.9773,-7.1213],[108.9515,-7.1269],[108.9654,-7.1507],[108.9837,-7.1321],[109,-7.1417],[109.0365,-7.1404],[109.0571,-7.1499],[109.0618,-7.1281],[109.0824,-7.1352],[109.0814,-7.1552],[109.0656,-7.1705],[109.0557,-7.1865],[109.0594,-7.1935],[109.0775,-7.2009],[109.0803,-7.215],[109.1077,-7.2126]]]},"properties":{"kdkb":"3328","nama":"Tegal","kdpr":"33"}},{"type":"Feature","geometry":{"type":"Polygon","coordinates":[[[110.1599,-7.3861],[110.1813,-7.3837],[110.1895,-7.3817],[110.2004,-7.3824],[110.2133,-7.3972],[110.225,-7.3866],[110.2263,-7.3834],[110.2348,-7.379],[110.2371,-7.3724],[110.2491,-7.3692],[110.2539,-7.3699],[110.2565,-7.3732],[110.2571,-7.3772],[110.2629,-7.3809],[110.2866,-7.364],[110.3176,-7.3512],[110.3192,-7.337],[110.3195,-7.3311],[110.3255,-7.309],[110.3135,-7.3088],[110.3175,-7.3048],[110.3271,-7.296],[110.2705,-7.246],[110.2725,-7.2338],[110.2577,-7.2172],[110.2517,-7.1974],[110.2526,-7.1915],[110.2521,-7.1888],[110.2388,-7.1877],[110.221,-7.1841],[110.2121,-7.1823],[110.2031,-7.1775],[110.1927,-7.1647],[110.1777,-7.1485],[110.169,-7.1434],[110.1614,-7.1434],[110.1523,-7.1473],[110.1404,-7.1381],[110.1421,-7.1335],[110.1418,-7.1286],[110.1448,-7.1253],[110.1661,-7.1128],[110.1901,-7.1079],[110.1934,-7.0806],[110.1772,-7.0824],[110.1672,-7.0998],[110.1634,-7.0972],[110.1525,-7.0986],[110.1393,-7.0986],[110.1251,-7.0973],[110.1179,-7.0952],[110.0913,-7.1068],[110.0766,-7.1209],[110.0579,-7.1214],[110.0551,-7.1236],[110.0509,-7.1276],[110.041,-7.1347],[110.0366,-7.1388],[110.0162,-7.1509],[110.0125,-7.1547],[109.9816,-7.18],[109.9564,-7.1947],[109.9486,-7.1952],[109.9369,-7.2096],[109.9505,-7.2173],[109.962,-7.2331],[109.9948,-7.261],[109.9984,-7.3135],[110.0568,-7.3724],[110.0786,-7.3834],[110.1207,-7.3903],[110.1599,-7.3861]]]},"properties":{"kdkb":"3323","nama":"Temanggung","kdpr":"33"}},{"type":"Feature","geometry":{"type":"Polygon","coordinates":[[[110.8346,-8.1898],[110.8292,-8.1948],[110.8296,-8.2016],[110.8325,-8.2038],[110.8331,-8.2023],[110.8373,-8.2028],[110.8375,-8.2062],[110.8476,-8.2037],[110.8727,-8.2058],[110.8821,-8.2116],[110.9082,-8.2037],[110.8987,-8.1793],[110.9102,-8.1344],[110.9212,-8.1179],[110.9516,-8.0704],[110.9599,-8.0638],[110.9938,-8.0824],[111.0155,-8.0758],[111.0356,-8.0807],[111.0643,-8.0677],[111.0673,-8.0355],[111.093,-8.0309],[111.0887,-8.0599],[111.1264,-8.061],[111.1263,-8.0375],[111.1362,-8.0236],[111.1234,-7.9725],[111.147,-7.9663],[111.1439,-7.9333],[111.1549,-7.9224],[111.1882,-7.9226],[111.1973,-7.9398],[111.2165,-7.926],[111.2464,-7.9488],[111.2578,-7.9487],[111.2682,-7.9446],[111.2711,-7.9418],[111.2746,-7.9323],[111.2734,-7.9242],[111.2879,-7.9062],[111.2994,-7.8785],[111.2997,-7.8599],[111.3193,-7.8544],[111.3038,-7.8313],[111.3039,-7.8181],[111.3008,-7.8115],[111.2986,-7.8013],[111.2899,-7.794],[111.2856,-7.7942],[111.2834,-7.7884],[111.2833,-7.7871],[111.2936,-7.7607],[111.2868,-7.743],[111.2386,-7.7511],[111.2157,-7.7379],[111.2014,-7.7212],[111.1887,-7.7135],[111.1761,-7.7139],[111.1667,-7.7165],[111.1513,-7.7148],[111.1256,-7.7333],[111.1229,-7.7349],[111.1208,-7.7423],[111.1099,-7.7374],[111.0936,-7.7517],[111.0505,-7.7593],[111.0479,-7.7673],[111.0175,-7.7595],[110.9864,-7.7611],[110.9691,-7.7679],[110.9656,-7.7667],[110.9746,-7.7576],[110.9645,-7.7515],[110.9654,-7.7497],[110.9706,-7.7446],[110.9667,-7.7386],[110.9617,-7.7376],[110.9413,-7.7397],[110.9406,-7.768],[110.9344,-7.7767],[110.9293,-7.7709],[110.904,-7.7527],[110.8875,-7.7519],[110.8782,-7.7518],[110.866,-7.754],[110.8602,-7.7592],[110.8598,-7.7662],[110.8547,-7.7847],[110.8601,-7.7962],[110.8397,-7.8013],[110.833,-7.7954],[110.8013,-7.7922],[110.7852,-7.7999],[110.7847,-7.8267],[110.7778,-7.8919],[110.771,-7.902],[110.7684,-7.9795],[110.7542,-8.0258],[110.7785,-8.0676],[110.7899,-8.1255],[110.7855,-8.1397],[110.7993,-8.1626],[110.8121,-8.1468],[110.8332,-8.1736],[110.8346,-8.1898]]]},"properties":{"kdkb":"3312","nama":"Wonogiri","kdpr":"33"}},{"type":"Feature","geometry":{"type":"Polygon","coordinates":[[[110.0143,-7.5826],[110.0167,-7.5686],[110.0237,-7.5568],[110.0341,-7.5425],[110.0279,-7.5294],[110.0435,-7.5275],[110.0538,-7.4919],[110.0552,-7.4741],[110.0596,-7.434],[110.0587,-7.4282],[110.0627,-7.4138],[110.0627,-7.4083],[110.0742,-7.3857],[110.0568,-7.3724],[109.9984,-7.3135],[109.9948,-7.261],[109.962,-7.2331],[109.9505,-7.2173],[109.9369,-7.2096],[109.9309,-7.1952],[109.9227,-7.1872],[109.9183,-7.1947],[109.9105,-7.2002],[109.9067,-7.2217],[109.8752,-7.2251],[109.8676,-7.2305],[109.8617,-7.2328],[109.8526,-7.2509],[109.8505,-7.2548],[109.8436,-7.2749],[109.8402,-7.286],[109.7877,-7.3412],[109.7869,-7.3562],[109.7557,-7.3858],[109.7581,-7.3887],[109.7793,-7.4023],[109.7858,-7.4059],[109.8178,-7.416],[109.8286,-7.4216],[109.8317,-7.4327],[109.8282,-7.4437],[109.8095,-7.4489],[109.7562,-7.4491],[109.7561,-7.4681],[109.7685,-7.5065],[109.7673,-7.5182],[109.7379,-7.5353],[109.7412,-7.5742],[109.7508,-7.5801],[109.7645,-7.6032],[109.7879,-7.6085],[109.8005,-7.6123],[109.8082,-7.6069],[109.8108,-7.5999],[109.815,-7.5992],[109.8157,-7.595],[109.8164,-7.5927],[109.8367,-7.5751],[109.8603,-7.5446],[109.8984,-7.5197],[109.9527,-7.5251],[109.9752,-7.5397],[109.9737,-7.5407],[109.9702,-7.5538],[109.9785,-7.577],[109.9952,-7.5873],[109.9995,-7.5905],[110.0143,-7.5826]]]},"properties":{"kdkb":"3307","nama":"Wonosobo","kdpr":"33"}},{"type":"Feature","geometry":{"type":"Polygon","coordinates":[[[113.1245,-6.8927],[113.0636,-6.882],[113.0061,-6.8811],[113,-6.8863],[112.9519,-6.887],[112.9208,-6.8939],[112.882,-6.8905],[112.8592,-6.8931],[112.7887,-6.9843],[112.757,-7.0077],[112.7235,-7.0384],[112.6823,-7.0316],[112.6734,-7.0735],[112.6858,-7.0955],[112.7062,-7.0982],[112.6911,-7.154],[112.7185,-7.1716],[112.7401,-7.1713],[112.7515,-7.1536],[112.7769,-7.1594],[112.8007,-7.1575],[112.8451,-7.1657],[112.8649,-7.1627],[112.8912,-7.178],[112.9069,-7.18],[112.9648,-7.1997],[113.0138,-7.2055],[113.0404,-7.2129],[113.0556,-7.1943],[113.0568,-7.1686],[113.0639,-7.1643],[113.1159,-7.1046],[113.1086,-7.0774],[113.1152,-7.0317],[113.1332,-7.0359],[113.1477,-6.9839],[113.1338,-6.9761],[113.105,-6.9871],[113.1112,-6.9374],[113.1163,-6.9154],[113.1275,-6.9047],[113.1244,-6.896],[113.1245,-6.8927]]]},"properties":{"kdkb":"3526","nama":"Bangkalan","kdpr":"35"}},{"type":"Feature","geometry":{"type":"Polygon","coordinates":[[[113.8438,-8.5458],[113.8576,-8.5602],[113.8757,-8.5575],[113.9089,-8.5802],[113.9252,-8.561],[113.946,-8.5592],[113.9687,-8.5841],[113.9613,-8.6173],[113.9961,-8.594],[114.0152,-8.5903],[114.0282,-8.5983],[114.0327,-8.6334],[114.0948,-8.6156],[114.1429,-8.6228],[114.1842,-8.6405],[114.2206,-8.6454],[114.2299,-8.6206],[114.2279,-8.6046],[114.2471,-8.6002],[114.3065,-8.6188],[114.3455,-8.6421],[114.3732,-8.678],[114.3775,-8.6991],[114.3672,-8.7226],[114.3429,-8.7349],[114.3697,-8.7507],[114.4187,-8.7492],[114.478,-8.7605],[114.5051,-8.7755],[114.5336,-8.7804],[114.5758,-8.7699],[114.5955,-8.7513],[114.6046,-8.7148],[114.5894,-8.6879],[114.5617,-8.6558],[114.5483,-8.6591],[114.5146,-8.6502],[114.5055,-8.6359],[114.4727,-8.6177],[114.4579,-8.6385],[114.4398,-8.6315],[114.4231,-8.6047],[114.4079,-8.5691],[114.4015,-8.5409],[114.4094,-8.5098],[114.3881,-8.4816],[114.3757,-8.5329],[114.3507,-8.5279],[114.3635,-8.4841],[114.342,-8.439],[114.34,-8.4233],[114.3608,-8.3359],[114.3661,-8.2802],[114.3905,-8.235],[114.3824,-8.2],[114.4018,-8.1502],[114.4007,-8.117],[114.4175,-8.0808],[114.4299,-8.0659],[114.4346,-8.032],[114.4257,-8.0195],[114.4303,-7.9967],[114.4227,-7.9611],[114.4238,-7.9355],[114.4128,-7.9401],[114.3903,-7.9269],[114.33,-7.9018],[114.3177,-7.8951],[114.2931,-7.8889],[114.2762,-7.9127],[114.2497,-7.9394],[114.2244,-7.9898],[114.2383,-8.0061],[114.2388,-8.0139],[114.2358,-8.0312],[114.2467,-8.0547],[114.2175,-8.0832],[114.2141,-8.0995],[114.1957,-8.1033],[114.1844,-8.1209],[114.1703,-8.1081],[114.1465,-8.101],[114.1166,-8.1144],[114.0917,-8.1162],[114.0786,-8.1268],[114.0604,-8.1224],[114.0385,-8.1392],[114.0267,-8.1394],[113.9909,-8.1826],[113.9707,-8.1895],[113.9578,-8.2058],[113.9666,-8.2322],[113.9343,-8.2552],[113.9343,-8.2815],[113.9203,-8.3082],[113.9283,-8.3198],[113.9135,-8.34],[113.9237,-8.3843],[113.9443,-8.3974],[113.9321,-8.4254],[113.9102,-8.4419],[113.8903,-8.4099],[113.8546,-8.4298],[113.8421,-8.4943],[113.8554,-8.5154],[113.8438,-8.5458]]]},"properties":{"kdkb":"3510","nama":"Banyuwangi","kdpr":"35"}},{"type":"Feature","geometry":{"type":"Polygon","coordinates":[[[112.5126,-7.9225],[112.5481,-7.9229],[112.5799,-7.9116],[112.5947,-7.9034],[112.5834,-7.8905],[112.5663,-7.8825],[112.5632,-7.8137],[112.5827,-7.7736],[112.5815,-7.7591],[112.5749,-7.7341],[112.549,-7.7304],[112.5292,-7.7369],[112.5147,-7.7419],[112.5134,-7.7512],[112.4966,-7.7625],[112.4781,-7.7689],[112.4951,-7.8141],[112.4951,-7.8544],[112.4881,-7.8816],[112.4753,-7.9043],[112.4741,-7.9423],[112.5126,-7.9225]]]},"properties":{"kdkb":"3579","nama":"Kota Batu","kdpr":"35"}},{"type":"Feature","geometry":{"type":"Polygon","coordinates":[[[112.0281,-8.3126],[112.0342,-8.3197],[112.0901,-8.3151],[112.1429,-8.3157],[112.1671,-8.3235],[112.2192,-8.327],[112.2209,-8.3428],[112.2634,-8.3505],[112.2722,-8.3398],[112.2964,-8.3315],[112.3163,-8.3425],[112.3342,-8.333],[112.359,-8.3485],[112.3631,-8.3399],[112.3701,-8.3237],[112.3752,-8.3083],[112.3762,-8.3058],[112.3795,-8.302],[112.3845,-8.2891],[112.385,-8.2832],[112.3816,-8.2682],[112.3806,-8.2518],[112.3818,-8.2387],[112.3896,-8.2354],[112.3932,-8.2316],[112.3934,-8.2279],[112.3829,-8.2078],[112.3853,-8.1923],[112.366,-8.1755],[112.4225,-8.1581],[112.4526,-8.1443],[112.4592,-8.1149],[112.4543,-8.1067],[112.4542,-8.0638],[112.463,-8.0152],[112.479,-7.9712],[112.4579,-7.933],[112.4524,-7.9187],[112.4316,-7.9215],[112.4031,-7.9346],[112.3705,-7.9573],[112.3413,-7.9394],[112.3066,-7.9293],[112.3045,-7.9297],[112.2796,-7.9399],[112.2543,-7.9523],[112.229,-7.955],[112.18,-7.9734],[112.1141,-7.9774],[112.0961,-7.9699],[112.0908,-7.9916],[112.0536,-7.9906],[112.0187,-7.9996],[111.979,-8.0046],[111.9695,-8.0072],[111.9615,-7.9987],[111.9567,-8.0089],[111.9749,-8.0443],[111.9946,-8.0593],[111.9912,-8.0782],[112.0031,-8.0954],[112.0326,-8.1001],[112.0452,-8.1085],[112.0821,-8.1189],[112.0948,-8.1106],[112.1199,-8.1273],[112.1165,-8.1576],[112.1037,-8.1584],[112.0786,-8.1875],[112.0576,-8.1836],[112.0288,-8.1682],[112.023,-8.1933],[112.0239,-8.2253],[112.0227,-8.2288],[112.0251,-8.248],[112.0306,-8.2627],[112.0244,-8.2869],[112.0316,-8.3075],[112.0281,-8.3126]],[[112.1691,-8.0674],[112.1812,-8.0607],[112.1903,-8.0634],[112.1967,-8.07],[112.1843,-8.1049],[112.1705,-8.1257],[112.1602,-8.1351],[112.1372,-8.1107],[112.139,-8.1014],[112.1395,-8.099],[112.1355,-8.0829],[112.1618,-8.0847],[112.1691,-8.0674]]]},"properties":{"kdkb":"3505","nama":"Blitar","kdpr":"35"}},{"type":"Feature","geometry":{"type":"Polygon","coordinates":[[[111.7373,-7.4509],[111.7633,-7.4668],[111.7705,-7.4696],[111.797,-7.4613],[111.8004,-7.4611],[111.8058,-7.4539],[111.821,-7.4395],[111.8616,-7.4359],[111.8776,-7.441],[111.9054,-7.4333],[111.9404,-7.4401],[111.9589,-7.4276],[111.9713,-7.405],[112.0125,-7.4057],[112.0242,-7.3956],[112.0463,-7.3938],[112.0713,-7.3914],[112.0802,-7.384],[112.0815,-7.3825],[112.086,-7.3694],[112.089,-7.3585],[112.0767,-7.3366],[112.0748,-7.3253],[112.09,-7.2981],[112.0944,-7.2693],[112.0844,-7.2596],[112.0891,-7.2307],[112.1069,-7.2236],[112.1234,-7.193],[112.1263,-7.1834],[112.1366,-7.1649],[112.1601,-7.1417],[112.1533,-7.1166],[112.1461,-7.107],[112.1518,-7.1032],[112.1419,-7.1047],[112.1273,-7.0986],[112.1237,-7.0923],[112.1155,-7.0897],[112.0856,-7.0856],[112.0824,-7.0654],[112.0398,-7.0784],[112.0391,-7.071],[112.0348,-7.0772],[112.016,-7.0694],[112.0207,-7.0837],[112.0154,-7.0927],[112.0144,-7.1017],[112.0034,-7.1082],[111.9863,-7.1388],[111.9513,-7.1332],[111.9426,-7.1547],[111.9308,-7.1588],[111.9313,-7.1335],[111.899,-7.1366],[111.8768,-7.1328],[111.8387,-7.1041],[111.8255,-7.0875],[111.7776,-7.0824],[111.7367,-7.0849],[111.7145,-7.082],[111.6718,-7.0406],[111.6601,-7.0392],[111.6575,-7.0143],[111.6467,-6.9967],[111.6243,-6.9897],[111.6221,-6.9892],[111.615,-7.0024],[111.6134,-7.035],[111.6249,-7.0561],[111.628,-7.0621],[111.619,-7.0735],[111.618,-7.1068],[111.6203,-7.1103],[111.6121,-7.1384],[111.6106,-7.1433],[111.5986,-7.1552],[111.5837,-7.1754],[111.5681,-7.186],[111.5692,-7.1989],[111.555,-7.2017],[111.5224,-7.2372],[111.5017,-7.2485],[111.4878,-7.2431],[111.491,-7.2582],[111.4867,-7.2608],[111.4691,-7.2623],[111.4564,-7.2497],[111.4514,-7.2742],[111.4474,-7.2756],[111.4444,-7.2786],[111.4376,-7.293],[111.4246,-7.3071],[111.4413,-7.3154],[111.4577,-7.322],[111.4602,-7.3409],[111.4593,-7.3466],[111.4525,-7.3431],[111.4501,-7.3552],[111.4622,-7.3571],[111.4672,-7.3619],[111.4665,-7.3599],[111.4758,-7.3596],[111.5135,-7.3629],[111.5235,-7.3715],[111.5404,-7.3694],[111.5597,-7.3635],[111.5749,-7.3486],[111.6138,-7.3698],[111.6163,-7.3794],[111.6235,-7.3822],[111.6547,-7.3991],[111.6845,-7.4166],[111.7109,-7.4366],[111.7373,-7.4509]]]},"properties":{"kdkb":"3522","nama":"Bojonegoro","kdpr":"35"}},{"type":"Feature","geometry":{"type":"Polygon","coordinates":[[[113.855,-8.0222],[113.8699,-8.0313],[113.8864,-8.0148],[113.895,-8.0159],[113.9186,-8.025],[113.9386,-8.0424],[113.9871,-8.0669],[114.0048,-8.0712],[114.0282,-8.0951],[114.0296,-8.1151],[114.0433,-8.1316],[114.0604,-8.1224],[114.0786,-8.1268],[114.0917,-8.1162],[114.1166,-8.1144],[114.1465,-8.101],[114.1703,-8.1081],[114.1844,-8.1209],[114.1957,-8.1033],[114.2141,-8.0995],[114.2175,-8.0832],[114.2467,-8.0547],[114.2358,-8.0312],[114.2388,-8.0139],[114.2383,-8.0061],[114.2244,-7.9898],[114.2243,-7.9867],[114.2117,-7.9778],[114.1751,-7.9696],[114.1412,-7.9814],[114.1279,-7.976],[114.1171,-7.9541],[114.1111,-7.9096],[114.0939,-7.8817],[114.0956,-7.8406],[114.0892,-7.8243],[114.0869,-7.7993],[114.0749,-7.7831],[114.0793,-7.7707],[114.0713,-7.7612],[114.0119,-7.7626],[114.0072,-7.7597],[113.9999,-7.7721],[113.9631,-7.7735],[113.9508,-7.7652],[113.9357,-7.7764],[113.936,-7.7901],[113.9368,-7.7917],[113.9287,-7.7906],[113.8967,-7.7983],[113.849,-7.7961],[113.8369,-7.8123],[113.8294,-7.8132],[113.8214,-7.811],[113.8091,-7.8131],[113.7999,-7.8078],[113.7683,-7.7949],[113.7474,-7.7963],[113.7337,-7.8093],[113.7285,-7.8582],[113.6997,-7.8996],[113.6629,-7.9216],[113.6604,-7.9385],[113.6371,-7.9496],[113.6267,-7.9667],[113.6357,-7.9656],[113.6568,-7.9699],[113.6692,-7.9752],[113.6872,-8.0115],[113.7091,-8.0116],[113.7262,-8.0236],[113.7519,-8.0608],[113.7538,-8.0519],[113.763,-8.0469],[113.7818,-8.0503],[113.8057,-8.0565],[113.8126,-8.0461],[113.8543,-8.0458],[113.855,-8.0222]]]},"properties":{"kdkb":"3511","nama":"Bondowoso","kdpr":"35"}},{"type":"Feature","geometry":{"type":"MultiPolygon","coordinates":[[[[112.6262,-7.3001],[112.6282,-7.2787],[112.6323,-7.2617],[112.6065,-7.2486],[112.5916,-7.2232],[112.5923,-7.2071],[112.5927,-7.2023],[112.6134,-7.209],[112.6592,-7.1964],[112.6672,-7.178],[112.6613,-7.156],[112.6282,-7.1353],[112.6241,-7.1141],[112.6334,-7.1017],[112.6313,-7.0805],[112.6508,-7.0604],[112.6541,-7.0443],[112.6409,-6.9925],[112.6221,-6.983],[112.5937,-6.9392],[112.5971,-6.9047],[112.5732,-6.8947],[112.5529,-6.8527],[112.5362,-6.876],[112.5536,-6.8835],[112.5454,-6.909],[112.4818,-6.9026],[112.4456,-6.884],[112.428,-6.904],[112.4233,-6.9225],[112.425,-6.9488],[112.4039,-6.9584],[112.3749,-6.9582],[112.3717,-6.9848],[112.3915,-6.9858],[112.4279,-7.0024],[112.4615,-7.0075],[112.4818,-7.0026],[112.5089,-7.0139],[112.4968,-7.0287],[112.5237,-7.0389],[112.5479,-7.0656],[112.533,-7.0839],[112.5356,-7.0962],[112.5167,-7.1077],[112.5014,-7.1068],[112.4965,-7.1274],[112.4761,-7.1257],[112.4702,-7.1593],[112.4978,-7.1636],[112.5023,-7.1923],[112.4526,-7.2082],[112.4338,-7.2291],[112.4188,-7.2323],[112.397,-7.2646],[112.4121,-7.2737],[112.4087,-7.3059],[112.3921,-7.313],[112.3728,-7.3205],[112.3764,-7.3235],[112.3819,-7.3301],[112.3948,-7.3309],[112.4098,-7.3176],[112.4476,-7.3064],[112.4599,-7.3129],[112.4717,-7.3049],[112.4797,-7.3293],[112.4764,-7.3818],[112.4921,-7.3991],[112.4938,-7.4092],[112.5238,-7.4036],[112.5425,-7.406],[112.5668,-7.3977],[112.5924,-7.3722],[112.6535,-7.3621],[112.6563,-7.3568],[112.6558,-7.3426],[112.6494,-7.3146],[112.6262,-7.3001]]],[[[112.6919,-5.8489],[112.711,-5.8432],[112.7317,-5.7997],[112.742,-5.7868],[112.7248,-5.7593],[112.7267,-5.7358],[112.6897,-5.7244],[112.6652,-5.7353],[112.6476,-5.729],[112.6123,-5.7504],[112.6115,-5.7683],[112.5893,-5.7765],[112.5747,-5.827],[112.5909,-5.8532],[112.6214,-5.8521],[112.6306,-5.8412],[112.6693,-5.852],[112.6919,-5.8489]]]]},"properties":{"kdkb":"3525","nama":"Gresik","kdpr":"35"}},{"type":"Feature","geometry":{"type":"MultiPolygon","coordinates":[[[[113.3016,-8.4483],[113.2739,-8.4636],[113.2624,-8.4867],[113.2738,-8.4966],[113.3096,-8.5087],[113.3405,-8.5005],[113.3642,-8.5019],[113.4097,-8.4909],[113.4105,-8.4672],[113.3967,-8.4552],[113.3713,-8.4588],[113.3526,-8.4493],[113.343,-8.4581],[113.3016,-8.4483]]],[[[113.3034,-8.3075],[113.3287,-8.3221],[113.3584,-8.3503],[113.388,-8.4003],[113.4266,-8.3806],[113.4464,-8.3781],[113.4752,-8.3855],[113.4794,-8.4105],[113.5263,-8.4304],[113.57,-8.4255],[113.6214,-8.4448],[113.642,-8.4653],[113.6379,-8.476],[113.656,-8.494],[113.6949,-8.4957],[113.7084,-8.4817],[113.7218,-8.4968],[113.7104,-8.5232],[113.7538,-8.5198],[113.7891,-8.4899],[113.8076,-8.4956],[113.8121,-8.5458],[113.8438,-8.5458],[113.8554,-8.5154],[113.8421,-8.4943],[113.8546,-8.4298],[113.8903,-8.4099],[113.9102,-8.4419],[113.9321,-8.4254],[113.9443,-8.3974],[113.9237,-8.3843],[113.9135,-8.34],[113.9283,-8.3198],[113.9203,-8.3082],[113.9343,-8.2815],[113.9343,-8.2552],[113.9666,-8.2322],[113.9578,-8.2058],[113.9707,-8.1895],[113.9909,-8.1826],[114.0267,-8.1394],[114.0433,-8.1316],[114.0296,-8.1151],[114.0282,-8.0951],[114.0048,-8.0712],[113.9871,-8.0669],[113.9386,-8.0424],[113.9186,-8.025],[113.895,-8.0159],[113.8864,-8.0148],[113.8699,-8.0313],[113.855,-8.0222],[113.8543,-8.0458],[113.8126,-8.0461],[113.8057,-8.0565],[113.7818,-8.0503],[113.763,-8.0469],[113.7538,-8.0519],[113.7519,-8.0608],[113.7262,-8.0236],[113.7091,-8.0116],[113.6872,-8.0115],[113.6692,-7.9752],[113.6568,-7.9699],[113.6436,-7.9731],[113.6196,-7.9876],[113.604,-7.9806],[113.5608,-7.9866],[113.5279,-8.0126],[113.5142,-8.0138],[113.4763,-7.9969],[113.4799,-8.0111],[113.4662,-8.0229],[113.4583,-8.0247],[113.4446,-8.0204],[113.4058,-8.0086],[113.3715,-8.0234],[113.3665,-8.0277],[113.361,-8.0278],[113.3519,-8.0509],[113.3513,-8.0606],[113.379,-8.1485],[113.3776,-8.1618],[113.3679,-8.1852],[113.3486,-8.2072],[113.3334,-8.2083],[113.313,-8.2289],[113.3197,-8.2656],[113.3034,-8.3075]]]]},"properties":{"kdkb":"3509","nama":"Jember","kdpr":"35"}},{"type":"Feature","geometry":{"type":"Polygon","coordinates":[[[112.2896,-7.3589],[112.2642,-7.362],[112.2346,-7.353],[112.2114,-7.3486],[112.1697,-7.3572],[112.107,-7.3814],[112.1025,-7.3832],[112.0916,-7.3837],[112.0866,-7.3823],[112.0861,-7.3844],[112.0802,-7.384],[112.0713,-7.3914],[112.0723,-7.3996],[112.0626,-7.4174],[112.0809,-7.4522],[112.093,-7.4651],[112.1234,-7.4549],[112.1509,-7.4621],[112.1678,-7.4883],[112.1663,-7.4955],[112.1519,-7.5044],[112.1508,-7.5292],[112.1341,-7.5353],[112.1143,-7.5637],[112.1116,-7.595],[112.1218,-7.6069],[112.1656,-7.6132],[112.1829,-7.6405],[112.2178,-7.6761],[112.2219,-7.6916],[112.255,-7.7272],[112.3018,-7.7268],[112.3486,-7.7488],[112.3612,-7.7612],[112.3935,-7.7733],[112.4144,-7.7718],[112.4222,-7.7669],[112.4359,-7.767],[112.4558,-7.7791],[112.45,-7.7705],[112.4477,-7.7649],[112.4481,-7.7439],[112.4386,-7.7329],[112.4303,-7.6997],[112.4117,-7.6735],[112.4039,-7.6229],[112.3764,-7.5944],[112.3667,-7.5536],[112.3741,-7.5246],[112.3741,-7.4872],[112.3891,-7.4804],[112.3975,-7.4575],[112.3506,-7.4547],[112.3417,-7.4597],[112.3343,-7.447],[112.3408,-7.4407],[112.3483,-7.3987],[112.3371,-7.3805],[112.337,-7.3613],[112.3432,-7.3489],[112.3448,-7.3475],[112.3457,-7.345],[112.3383,-7.3466],[112.3293,-7.3477],[112.3289,-7.3459],[112.3331,-7.3438],[112.2896,-7.3589]]]},"properties":{"kdkb":"3517","nama":"Jombang","kdpr":"35"}},{"type":"Feature","geometry":{"type":"Polygon","coordinates":[[[111.9695,-8.0072],[111.979,-8.0046],[112.0187,-7.9996],[112.0536,-7.9906],[112.0908,-7.9916],[112.0961,-7.9699],[112.1141,-7.9774],[112.18,-7.9734],[112.229,-7.955],[112.2543,-7.9523],[112.2796,-7.9399],[112.3045,-7.9297],[112.3106,-7.9264],[112.312,-7.9047],[112.3233,-7.8922],[112.3226,-7.8655],[112.3095,-7.834],[112.3071,-7.7993],[112.2883,-7.7795],[112.3287,-7.7773],[112.3494,-7.7611],[112.3674,-7.7685],[112.3819,-7.7849],[112.3968,-7.7854],[112.4222,-7.7669],[112.4144,-7.7718],[112.3935,-7.7733],[112.3612,-7.7612],[112.3486,-7.7488],[112.3018,-7.7268],[112.255,-7.7272],[112.2219,-7.6916],[112.2178,-7.6761],[112.1829,-7.6405],[112.1656,-7.6132],[112.1218,-7.6069],[112.1116,-7.595],[112.1089,-7.5967],[112.0982,-7.6397],[112.0918,-7.6496],[112.0751,-7.6931],[112.0658,-7.7117],[112.0491,-7.7263],[112.0268,-7.7261],[112.0223,-7.7619],[112.0106,-7.7611],[112.0085,-7.7576],[112.005,-7.7525],[111.9933,-7.7284],[111.9843,-7.7114],[111.9823,-7.7113],[111.9811,-7.7042],[111.9821,-7.6844],[111.9538,-7.6795],[111.9318,-7.7088],[111.928,-7.7226],[111.9048,-7.736],[111.8816,-7.7636],[111.8622,-7.7765],[111.8133,-7.8226],[111.7972,-7.8479],[111.8027,-7.8657],[111.8304,-7.8774],[111.863,-7.9077],[111.8836,-7.9479],[111.9312,-7.9623],[111.9411,-7.9561],[111.9452,-7.9536],[111.947,-7.9667],[111.9504,-7.9748],[111.9558,-7.9891],[111.9571,-7.9975],[111.9615,-7.9987],[111.9695,-8.0072]],[[111.9581,-7.8229],[111.9563,-7.7967],[111.9766,-7.7935],[111.9835,-7.7809],[112.0054,-7.7726],[112.0092,-7.7901],[112.0245,-7.7996],[112.0333,-7.8188],[112.0579,-7.8362],[112.0725,-7.8415],[112.0702,-7.8726],[112.0667,-7.8688],[112.0566,-7.8656],[112.0424,-7.8717],[112.0172,-7.8615],[111.987,-7.8296],[111.9581,-7.8229]]]},"properties":{"kdkb":"3506","nama":"Kediri","kdpr":"35"}},{"type":"Feature","geometry":{"type":"Polygon","coordinates":[[[112.1705,-8.1257],[112.1843,-8.1049],[112.1967,-8.07],[112.1903,-8.0634],[112.1812,-8.0607],[112.1691,-8.0674],[112.1618,-8.0847],[112.1355,-8.0829],[112.1395,-8.099],[112.139,-8.1014],[112.1372,-8.1107],[112.1602,-8.1351],[112.1705,-8.1257]]]},"properties":{"kdkb":"3572","nama":"Kota Blitar","kdpr":"35"}},{"type":"Feature","geometry":{"type":"Polygon","coordinates":[[[112.0172,-7.8615],[112.0424,-7.8717],[112.0566,-7.8656],[112.0667,-7.8688],[112.0702,-7.8726],[112.0725,-7.8415],[112.0579,-7.8362],[112.0333,-7.8188],[112.0245,-7.7996],[112.0092,-7.7901],[112.0054,-7.7726],[111.9835,-7.7809],[111.9766,-7.7935],[111.9563,-7.7967],[111.9581,-7.8229],[111.987,-7.8296],[112.0172,-7.8615]]]},"properties":{"kdkb":"3571","nama":"Kota Kediri","kdpr":"35"}},{"type":"Feature","geometry":{"type":"Polygon","coordinates":[[[111.5113,-7.6352],[111.512,-7.65],[111.5099,-7.6577],[111.5151,-7.662],[111.5197,-7.6616],[111.5329,-7.6633],[111.5333,-7.6602],[111.5415,-7.6518],[111.5388,-7.6511],[111.5397,-7.6463],[111.5514,-7.642],[111.5531,-7.6141],[111.5586,-7.6082],[111.5573,-7.604],[111.5513,-7.5948],[111.5403,-7.5993],[111.5367,-7.599],[111.5212,-7.5973],[111.5024,-7.62],[111.5113,-7.6352]]]},"properties":{"kdkb":"3577","nama":"Kota Madiun","kdpr":"35"}},{"type":"Feature","geometry":{"type":"Polygon","coordinates":[[[112.6423,-8.0499],[112.6454,-8.0483],[112.6566,-8.0501],[112.6843,-8.0049],[112.6948,-7.9827],[112.6572,-7.965],[112.6686,-7.946],[112.6628,-7.927],[112.6459,-7.9164],[112.646,-7.9138],[112.6303,-7.9113],[112.5992,-7.9303],[112.5853,-7.9366],[112.5739,-7.9352],[112.5691,-7.9388],[112.58,-7.9432],[112.5896,-7.9468],[112.5918,-7.95],[112.5993,-7.9567],[112.6028,-7.9717],[112.597,-8.0062],[112.6062,-8.0108],[112.6179,-8.0167],[112.6189,-8.0234],[112.6423,-8.0499]]]},"properties":{"kdkb":"3573","nama":"Kota Malang","kdpr":"35"}},{"type":"Feature","geometry":{"type":"Polygon","coordinates":[[[112.4228,-7.4929],[112.4282,-7.4806],[112.4605,-7.4831],[112.4655,-7.4672],[112.4684,-7.4623],[112.4551,-7.4474],[112.4307,-7.4601],[112.4152,-7.4642],[112.4065,-7.4771],[112.4076,-7.4894],[112.4228,-7.4929]]]},"properties":{"kdkb":"3576","nama":"Kota Mojokerto","kdpr":"35"}},{"type":"Feature","geometry":{"type":"Polygon","coordinates":[[[112.908,-7.6792],[112.9171,-7.6787],[112.937,-7.6543],[112.9439,-7.6485],[112.9464,-7.644],[112.952,-7.6239],[112.9009,-7.6289],[112.8864,-7.6235],[112.8715,-7.6512],[112.9012,-7.6864],[112.908,-7.6792]]]},"properties":{"kdkb":"3575","nama":"Kota Pasuruan","kdpr":"35"}},{"type":"Feature","geometry":{"type":"Polygon","coordinates":[[[113.2081,-7.8168],[113.2161,-7.8171],[113.2166,-7.8157],[113.2245,-7.8121],[113.24,-7.8088],[113.2372,-7.7403],[113.2177,-7.7247],[113.2173,-7.7275],[113.1743,-7.7545],[113.1639,-7.7792],[113.1822,-7.7896],[113.1783,-7.81],[113.2051,-7.8044],[113.209,-7.8151],[113.2081,-7.8168]]]},"properties":{"kdkb":"3574","nama":"Kota Probolinggo","kdpr":"35"}},{"type":"Feature","geometry":{"type":"Polygon","coordinates":[[[112.086,-7.3694],[112.0815,-7.3825],[112.0861,-7.3844],[112.0866,-7.3823],[112.0916,-7.3837],[112.1025,-7.3832],[112.107,-7.3814],[112.1697,-7.3572],[112.2114,-7.3486],[112.2346,-7.353],[112.2642,-7.362],[112.2896,-7.3589],[112.3331,-7.3438],[112.3289,-7.3459],[112.3293,-7.3477],[112.3383,-7.3466],[112.3457,-7.345],[112.3471,-7.3435],[112.3528,-7.3333],[112.3585,-7.3264],[112.3728,-7.3205],[112.3921,-7.313],[112.4087,-7.3059],[112.4121,-7.2737],[112.397,-7.2646],[112.4188,-7.2323],[112.4338,-7.2291],[112.4526,-7.2082],[112.5023,-7.1923],[112.4978,-7.1636],[112.4702,-7.1593],[112.4761,-7.1257],[112.4965,-7.1274],[112.5014,-7.1068],[112.5167,-7.1077],[112.5356,-7.0962],[112.533,-7.0839],[112.5479,-7.0656],[112.5237,-7.0389],[112.4968,-7.0287],[112.5089,-7.0139],[112.4818,-7.0026],[112.4615,-7.0075],[112.4279,-7.0024],[112.3915,-6.9858],[112.3717,-6.9848],[112.3749,-6.9582],[112.4039,-6.9584],[112.425,-6.9488],[112.4233,-6.9225],[112.428,-6.904],[112.4456,-6.884],[112.4377,-6.8701],[112.4141,-6.8642],[112.3869,-6.8765],[112.3577,-6.8638],[112.3291,-6.8631],[112.3001,-6.874],[112.2848,-6.8693],[112.2686,-6.8799],[112.2442,-6.8724],[112.175,-6.8934],[112.172,-6.9026],[112.2032,-6.9218],[112.202,-6.9444],[112.2146,-7.0095],[112.2041,-7.0259],[112.2153,-7.0547],[112.2172,-7.0748],[112.1839,-7.0835],[112.175,-7.0865],[112.1662,-7.0978],[112.1533,-7.1166],[112.1601,-7.1417],[112.1366,-7.1649],[112.1263,-7.1834],[112.1234,-7.193],[112.1069,-7.2236],[112.0891,-7.2307],[112.0844,-7.2596],[112.0944,-7.2693],[112.09,-7.2981],[112.0748,-7.3253],[112.0767,-7.3366],[112.089,-7.3585],[112.086,-7.3694]]]},"properties":{"kdkb":"3524","nama":"Lamongan","kdpr":"35"}},{"type":"Feature","geometry":{"type":"Polygon","coordinates":[[[112.9596,-8.3532],[112.9812,-8.3242],[113.0795,-8.2857],[113.1128,-8.2912],[113.1615,-8.282],[113.2197,-8.2815],[113.2614,-8.2891],[113.3034,-8.3075],[113.3197,-8.2656],[113.313,-8.2289],[113.3334,-8.2083],[113.3486,-8.2072],[113.3679,-8.1852],[113.3776,-8.1618],[113.379,-8.1485],[113.3513,-8.0606],[113.3519,-8.0509],[113.361,-8.0278],[113.363,-8.0277],[113.3671,-8.0215],[113.3639,-8.0142],[113.3625,-8.0076],[113.3571,-7.9842],[113.3465,-7.9755],[113.3464,-7.9607],[113.3446,-7.9554],[113.332,-7.9405],[113.3252,-7.9287],[113.3083,-7.9265],[113.2746,-7.9295],[113.2674,-7.9013],[113.2483,-7.908],[113.2325,-7.9024],[113.211,-7.9077],[113.2061,-7.9269],[113.1911,-7.9448],[113.1543,-7.9712],[113.1242,-7.9848],[113.1147,-7.9917],[113.1041,-7.9809],[113.0697,-7.9818],[113.0643,-7.9983],[113.051,-8.0061],[113.0318,-7.9793],[113.0146,-7.969],[112.994,-7.9606],[112.9749,-7.9805],[112.953,-7.9866],[112.9422,-7.9834],[112.934,-8.0009],[112.9341,-8.0124],[112.909,-8.0416],[112.9,-8.0611],[112.9058,-8.0816],[112.9232,-8.087],[112.9255,-8.1108],[112.9035,-8.1543],[112.9034,-8.1744],[112.9143,-8.2281],[112.921,-8.2414],[112.9072,-8.2833],[112.9185,-8.3072],[112.9413,-8.3109],[112.9382,-8.3371],[112.9596,-8.3532]]]},"properties":{"kdkb":"3508","nama":"Lumajang","kdpr":"35"}},{"type":"Feature","geometry":{"type":"Polygon","coordinates":[[[111.4948,-7.7891],[111.5086,-7.7994],[111.5121,-7.7986],[111.5237,-7.8017],[111.5507,-7.8046],[111.5685,-7.8016],[111.592,-7.7954],[111.6046,-7.7813],[111.6578,-7.7673],[111.6778,-7.7744],[111.7002,-7.8121],[111.7208,-7.8135],[111.7328,-7.8013],[111.7522,-7.801],[111.7281,-7.7793],[111.727,-7.7593],[111.7298,-7.7546],[111.7292,-7.7406],[111.7309,-7.732],[111.7336,-7.7251],[111.7414,-7.7176],[111.7459,-7.7122],[111.7542,-7.7028],[111.757,-7.6816],[111.7837,-7.6474],[111.7857,-7.603],[111.8066,-7.5436],[111.8149,-7.5449],[111.8315,-7.5487],[111.8397,-7.5386],[111.8429,-7.501],[111.8271,-7.4964],[111.8184,-7.4737],[111.8061,-7.4636],[111.7984,-7.461],[111.7737,-7.4693],[111.7673,-7.4688],[111.7463,-7.455],[111.7373,-7.4509],[111.7109,-7.4366],[111.6845,-7.4166],[111.6712,-7.4095],[111.6685,-7.4232],[111.6506,-7.4387],[111.6371,-7.4628],[111.6106,-7.4759],[111.5801,-7.5154],[111.5823,-7.5234],[111.5505,-7.5271],[111.5604,-7.5399],[111.561,-7.5415],[111.5493,-7.5448],[111.5231,-7.5397],[111.5096,-7.5375],[111.5,-7.5585],[111.475,-7.5851],[111.4664,-7.6369],[111.4847,-7.6408],[111.4817,-7.6607],[111.4905,-7.658],[111.5023,-7.6517],[111.5117,-7.6489],[111.5113,-7.6352],[111.5024,-7.62],[111.5212,-7.5973],[111.5367,-7.599],[111.5403,-7.5993],[111.5513,-7.5948],[111.5573,-7.604],[111.5586,-7.6082],[111.5531,-7.6141],[111.5514,-7.642],[111.5397,-7.6463],[111.5388,-7.6511],[111.5415,-7.6518],[111.5333,-7.6602],[111.5329,-7.6633],[111.5197,-7.6616],[111.5151,-7.662],[111.508,-7.6622],[111.4986,-7.6743],[111.4986,-7.6994],[111.4684,-7.7196],[111.4586,-7.7251],[111.4519,-7.7718],[111.4507,-7.7812],[111.4605,-7.7797],[111.4742,-7.7793],[111.4948,-7.7891]]]},"properties":{"kdkb":"3519","nama":"Madiun","kdpr":"35"}},{"type":"Feature","geometry":{"type":"Polygon","coordinates":[[[111.3277,-7.7888],[111.3379,-7.7892],[111.4279,-7.776],[111.4499,-7.779],[111.4519,-7.7718],[111.4586,-7.7251],[111.4684,-7.7196],[111.4986,-7.6994],[111.4986,-7.6743],[111.508,-7.6622],[111.5099,-7.6577],[111.5117,-7.6489],[111.5023,-7.6517],[111.4905,-7.658],[111.4817,-7.6607],[111.4847,-7.6408],[111.4664,-7.6369],[111.475,-7.5851],[111.5,-7.5585],[111.5096,-7.5375],[111.5082,-7.5369],[111.512,-7.5239],[111.5019,-7.5143],[111.4671,-7.5099],[111.4377,-7.5206],[111.4112,-7.5379],[111.3813,-7.5397],[111.3678,-7.571],[111.3156,-7.5891],[111.3015,-7.5868],[111.2887,-7.6052],[111.2836,-7.6037],[111.2756,-7.6017],[111.249,-7.6003],[111.232,-7.6099],[111.1998,-7.616],[111.1943,-7.6291],[111.1876,-7.6563],[111.1922,-7.6732],[111.1841,-7.6999],[111.1887,-7.7135],[111.2014,-7.7212],[111.2157,-7.7379],[111.2386,-7.7511],[111.2868,-7.743],[111.2936,-7.7607],[111.2833,-7.7871],[111.2834,-7.7884],[111.2856,-7.7942],[111.2907,-7.7932],[111.2961,-7.7942],[111.3186,-7.7864],[111.3277,-7.7888]]]},"properties":{"kdkb":"3520","nama":"Magetan","kdpr":"35"}},{"type":"Feature","geometry":{"type":"MultiPolygon","coordinates":[[[[112.359,-8.3485],[112.3719,-8.375],[112.3939,-8.3749],[112.435,-8.389],[112.4433,-8.3984],[112.4699,-8.3941],[112.4944,-8.4011],[112.511,-8.3946],[112.5283,-8.4023],[112.5528,-8.402],[112.579,-8.4148],[112.6103,-8.4215],[112.6411,-8.4362],[112.6517,-8.4488],[112.6717,-8.4453],[112.7089,-8.4178],[112.7435,-8.4179],[112.7668,-8.407],[112.7797,-8.3852],[112.7925,-8.4046],[112.8101,-8.4016],[112.8205,-8.373],[112.8387,-8.3724],[112.8478,-8.3941],[112.872,-8.4088],[112.8852,-8.4002],[112.9292,-8.3904],[112.9596,-8.3532],[112.9382,-8.3371],[112.9413,-8.3109],[112.9185,-8.3072],[112.9072,-8.2833],[112.921,-8.2414],[112.9143,-8.2281],[112.9034,-8.1744],[112.9035,-8.1543],[112.9255,-8.1108],[112.9232,-8.087],[112.9058,-8.0816],[112.9,-8.0611],[112.909,-8.0416],[112.9341,-8.0124],[112.934,-8.0009],[112.9422,-7.9834],[112.9355,-7.9798],[112.9289,-7.96],[112.9353,-7.9562],[112.9201,-7.9543],[112.9153,-7.9513],[112.909,-7.9536],[112.8933,-7.9502],[112.8851,-7.9525],[112.8739,-7.9454],[112.8358,-7.941],[112.8234,-7.9329],[112.8134,-7.9279],[112.8012,-7.9192],[112.7844,-7.9007],[112.7799,-7.8915],[112.7807,-7.874],[112.7583,-7.8535],[112.7436,-7.848],[112.7285,-7.82],[112.7112,-7.8252],[112.6996,-7.814],[112.6695,-7.8068],[112.6568,-7.7977],[112.6164,-7.7877],[112.6023,-7.7692],[112.5883,-7.7655],[112.5827,-7.7736],[112.5632,-7.8137],[112.5663,-7.8825],[112.5834,-7.8905],[112.5947,-7.9034],[112.5799,-7.9116],[112.5481,-7.9229],[112.5126,-7.9225],[112.4741,-7.9423],[112.4753,-7.9043],[112.4881,-7.8816],[112.4951,-7.8544],[112.4951,-7.8141],[112.4781,-7.7689],[112.4647,-7.7681],[112.4558,-7.7791],[112.4359,-7.767],[112.4222,-7.7669],[112.3968,-7.7854],[112.3819,-7.7849],[112.3674,-7.7685],[112.3494,-7.7611],[112.3287,-7.7773],[112.2883,-7.7795],[112.3071,-7.7993],[112.3095,-7.834],[112.3226,-7.8655],[112.3233,-7.8922],[112.312,-7.9047],[112.3106,-7.9264],[112.3066,-7.9293],[112.3413,-7.9394],[112.3705,-7.9573],[112.4031,-7.9346],[112.4316,-7.9215],[112.4524,-7.9187],[112.4579,-7.933],[112.479,-7.9712],[112.463,-8.0152],[112.4542,-8.0638],[112.4543,-8.1067],[112.4592,-8.1149],[112.4526,-8.1443],[112.4225,-8.1581],[112.366,-8.1755],[112.3853,-8.1923],[112.3829,-8.2078],[112.3934,-8.2279],[112.3928,-8.2321],[112.3884,-8.2361],[112.3822,-8.2378],[112.3815,-8.2401],[112.3815,-8.2675],[112.3851,-8.2851],[112.3827,-8.2959],[112.3795,-8.302],[112.3762,-8.3058],[112.3752,-8.3083],[112.3701,-8.3237],[112.3631,-8.3399],[112.359,-8.3485]],[[112.6179,-8.0167],[112.6062,-8.0108],[112.597,-8.0062],[112.6028,-7.9717],[112.5993,-7.9567],[112.5918,-7.95],[112.5896,-7.9468],[112.58,-7.9432],[112.5691,-7.9388],[112.5739,-7.9352],[112.5853,-7.9366],[112.5992,-7.9303],[112.6303,-7.9113],[112.646,-7.9138],[112.6459,-7.9164],[112.6628,-7.927],[112.6686,-7.946],[112.6572,-7.965],[112.6948,-7.9827],[112.6843,-8.0049],[112.6566,-8.0501],[112.6454,-8.0483],[112.6423,-8.0499],[112.6189,-8.0234],[112.6179,-8.0167]]],[[[112.7056,-8.4312],[112.6924,-8.4308],[112.678,-8.4455],[112.6974,-8.4615],[112.7123,-8.4589],[112.7056,-8.4312]]]]},"properties":{"kdkb":"3507","nama":"Malang","kdpr":"35"}},{"type":"Feature","geometry":{"type":"Polygon","coordinates":[[[112.5134,-7.7512],[112.5147,-7.7419],[112.5292,-7.7369],[112.549,-7.7304],[112.5745,-7.7339],[112.5846,-7.7224],[112.5893,-7.7141],[112.5934,-7.7014],[112.6147,-7.6813],[112.6224,-7.6606],[112.6276,-7.6391],[112.6304,-7.6148],[112.6605,-7.5922],[112.6537,-7.5828],[112.664,-7.5604],[112.6635,-7.5599],[112.6467,-7.537],[112.6305,-7.5327],[112.6026,-7.5012],[112.5703,-7.4781],[112.4886,-7.4599],[112.4686,-7.4453],[112.4828,-7.4113],[112.4924,-7.4102],[112.4921,-7.3991],[112.4764,-7.3818],[112.4797,-7.3293],[112.4717,-7.3049],[112.4599,-7.3129],[112.4476,-7.3064],[112.4098,-7.3176],[112.3948,-7.3309],[112.3819,-7.3301],[112.3764,-7.3235],[112.3585,-7.3264],[112.3528,-7.3333],[112.3471,-7.3435],[112.3448,-7.3475],[112.3432,-7.3489],[112.337,-7.3613],[112.3371,-7.3805],[112.3483,-7.3987],[112.3408,-7.4407],[112.3343,-7.447],[112.3417,-7.4597],[112.3506,-7.4547],[112.3975,-7.4575],[112.3891,-7.4804],[112.3741,-7.4872],[112.3741,-7.5246],[112.3667,-7.5536],[112.3764,-7.5944],[112.4039,-7.6229],[112.4117,-7.6735],[112.4303,-7.6997],[112.4386,-7.7329],[112.4481,-7.7439],[112.4477,-7.7649],[112.45,-7.7705],[112.4558,-7.7791],[112.4647,-7.7681],[112.4966,-7.7625],[112.5134,-7.7512]],[[112.4152,-7.4642],[112.4307,-7.4601],[112.4551,-7.4474],[112.4684,-7.4623],[112.4655,-7.4672],[112.4605,-7.4831],[112.4282,-7.4806],[112.4228,-7.4929],[112.4076,-7.4894],[112.4065,-7.4771],[112.4152,-7.4642]]]},"properties":{"kdkb":"3516","nama":"Mojokerto","kdpr":"35"}},{"type":"Feature","geometry":{"type":"Polygon","coordinates":[[[111.7947,-7.8365],[111.8133,-7.8226],[111.8622,-7.7765],[111.8816,-7.7636],[111.9048,-7.736],[111.928,-7.7226],[111.9318,-7.7088],[111.9538,-7.6795],[111.9821,-7.6844],[111.9811,-7.7042],[111.9823,-7.7113],[111.9843,-7.7114],[111.9933,-7.7284],[112.005,-7.7525],[112.0085,-7.7576],[112.0106,-7.7611],[112.0223,-7.7619],[112.0268,-7.7261],[112.0491,-7.7263],[112.0658,-7.7117],[112.0751,-7.6931],[112.0918,-7.6496],[112.0982,-7.6397],[112.1089,-7.5967],[112.1143,-7.5637],[112.1341,-7.5353],[112.1508,-7.5292],[112.1519,-7.5044],[112.1663,-7.4955],[112.1678,-7.4883],[112.1509,-7.4621],[112.1234,-7.4549],[112.093,-7.4651],[112.0809,-7.4522],[112.0626,-7.4174],[112.0723,-7.3996],[112.0463,-7.3938],[112.0242,-7.3956],[112.0125,-7.4057],[111.9713,-7.405],[111.9589,-7.4276],[111.9404,-7.4401],[111.9054,-7.4333],[111.8776,-7.441],[111.8616,-7.4359],[111.821,-7.4395],[111.8058,-7.4539],[111.8004,-7.4611],[111.8085,-7.4652],[111.8184,-7.4737],[111.8271,-7.4964],[111.8429,-7.501],[111.8397,-7.5386],[111.8315,-7.5487],[111.8149,-7.5449],[111.8066,-7.5436],[111.7857,-7.603],[111.7837,-7.6474],[111.757,-7.6816],[111.7542,-7.7028],[111.7459,-7.7122],[111.7414,-7.7176],[111.7329,-7.7263],[111.7295,-7.7373],[111.7306,-7.7483],[111.7298,-7.7546],[111.727,-7.7593],[111.7281,-7.7793],[111.7557,-7.8034],[111.7584,-7.811],[111.7688,-7.8241],[111.7729,-7.8203],[111.775,-7.8213],[111.7767,-7.8202],[111.7848,-7.8298],[111.7857,-7.8333],[111.7947,-7.8365]]]},"properties":{"kdkb":"3518","nama":"Nganjuk","kdpr":"35"}},{"type":"Feature","geometry":{"type":"Polygon","coordinates":[[[111.249,-7.6003],[111.2756,-7.6017],[111.2836,-7.6037],[111.2887,-7.6052],[111.3015,-7.5868],[111.3156,-7.5891],[111.3678,-7.571],[111.3813,-7.5397],[111.4112,-7.5379],[111.4377,-7.5206],[111.4671,-7.5099],[111.5019,-7.5143],[111.512,-7.5239],[111.5082,-7.5369],[111.5231,-7.5397],[111.5493,-7.5448],[111.561,-7.5415],[111.5604,-7.5399],[111.5505,-7.5271],[111.5823,-7.5234],[111.5801,-7.5154],[111.6106,-7.4759],[111.6371,-7.4628],[111.6506,-7.4387],[111.6685,-7.4232],[111.6712,-7.4095],[111.6547,-7.3991],[111.6235,-7.3822],[111.6163,-7.3794],[111.6138,-7.3698],[111.5749,-7.3486],[111.5597,-7.3635],[111.5404,-7.3694],[111.5235,-7.3715],[111.5135,-7.3629],[111.4758,-7.3596],[111.4665,-7.3599],[111.4672,-7.3619],[111.4525,-7.3748],[111.4473,-7.372],[111.4361,-7.3662],[111.4264,-7.3561],[111.4163,-7.3488],[111.3824,-7.3466],[111.3687,-7.3407],[111.3675,-7.3348],[111.3449,-7.3353],[111.3471,-7.3229],[111.2957,-7.3002],[111.2881,-7.2901],[111.2442,-7.2855],[111.2399,-7.2756],[111.2307,-7.2676],[111.2237,-7.2618],[111.2218,-7.2526],[111.2006,-7.2449],[111.1997,-7.2558],[111.1684,-7.2634],[111.1557,-7.2579],[111.1504,-7.2601],[111.1487,-7.2644],[111.1401,-7.2838],[111.1435,-7.3289],[111.1371,-7.379],[111.1191,-7.4233],[111.1332,-7.475],[111.1481,-7.4941],[111.1534,-7.5055],[111.1503,-7.5113],[111.1507,-7.5181],[111.1502,-7.5204],[111.1461,-7.5275],[111.1531,-7.5628],[111.169,-7.5902],[111.1945,-7.6204],[111.1998,-7.616],[111.232,-7.6099],[111.249,-7.6003]]]},"properties":{"kdkb":"3521","nama":"Ngawi","kdpr":"35"}},{"type":"Feature","geometry":{"type":"Polygon","coordinates":[[[110.9966,-8.2528],[111.0071,-8.2474],[111.0325,-8.254],[111.0749,-8.2456],[111.0748,-8.225],[111.1003,-8.2259],[111.1003,-8.2493],[111.1201,-8.2532],[111.1443,-8.2786],[111.1934,-8.2786],[111.2114,-8.267],[111.2569,-8.2493],[111.2962,-8.2591],[111.3255,-8.2734],[111.3672,-8.2608],[111.3904,-8.2771],[111.4032,-8.2678],[111.4064,-8.2584],[111.391,-8.2337],[111.4089,-8.2127],[111.4007,-8.1953],[111.4256,-8.1833],[111.4248,-8.1703],[111.4214,-8.1716],[111.4108,-8.1709],[111.398,-8.1667],[111.3805,-8.1536],[111.3799,-8.1365],[111.3679,-8.1237],[111.3544,-8.0932],[111.3533,-8.0594],[111.3671,-8.033],[111.3492,-8.021],[111.3561,-8.0003],[111.3498,-7.977],[111.327,-7.9678],[111.3225,-7.9449],[111.3072,-7.936],[111.2733,-7.9374],[111.2673,-7.945],[111.2572,-7.9489],[111.2464,-7.9488],[111.2165,-7.926],[111.1973,-7.9398],[111.1882,-7.9226],[111.1549,-7.9224],[111.1439,-7.9333],[111.147,-7.9663],[111.1234,-7.9725],[111.1362,-8.0236],[111.1263,-8.0375],[111.1264,-8.061],[111.0887,-8.0599],[111.093,-8.0309],[111.0673,-8.0355],[111.0643,-8.0677],[111.0356,-8.0807],[111.0155,-8.0758],[110.9938,-8.0824],[110.9599,-8.0638],[110.9516,-8.0704],[110.9212,-8.1179],[110.9102,-8.1344],[110.8987,-8.1793],[110.9082,-8.2037],[110.9161,-8.2175],[110.9505,-8.2249],[110.9599,-8.2342],[110.9883,-8.2427],[110.9966,-8.2528]]]},"properties":{"kdkb":"3501","nama":"Pacitan","kdpr":"35"}},{"type":"Feature","geometry":{"type":"Polygon","coordinates":[[[113.3935,-7.2176],[113.4771,-7.2243],[113.5021,-7.229],[113.5145,-7.2525],[113.5481,-7.2325],[113.5605,-7.2094],[113.5737,-7.1613],[113.6023,-7.1215],[113.6209,-7.1037],[113.6199,-7.0887],[113.6141,-7.0811],[113.6073,-7.0739],[113.5832,-7.0415],[113.5814,-7.0188],[113.6083,-7.013],[113.6083,-6.9742],[113.6257,-6.966],[113.64,-6.9281],[113.6378,-6.8929],[113.6126,-6.8888],[113.5719,-6.8931],[113.4842,-6.8964],[113.483,-6.9021],[113.4779,-6.9246],[113.4575,-6.9491],[113.4366,-6.9601],[113.4196,-6.9949],[113.4228,-7.0086],[113.3923,-7.0343],[113.3944,-7.0619],[113.3824,-7.0798],[113.3796,-7.0925],[113.3627,-7.107],[113.3649,-7.1094],[113.3678,-7.1216],[113.3666,-7.1281],[113.3588,-7.1447],[113.3643,-7.1523],[113.3794,-7.1496],[113.3814,-7.1788],[113.3765,-7.1994],[113.386,-7.1901],[113.3935,-7.2176]]]},"properties":{"kdkb":"3528","nama":"Pamekasan","kdpr":"35"}},{"type":"Feature","geometry":{"type":"Polygon","coordinates":[[[112.8234,-7.9329],[112.8358,-7.941],[112.8739,-7.9454],[112.8851,-7.9525],[112.8933,-7.9502],[112.909,-7.9536],[112.9153,-7.9513],[112.9201,-7.9543],[112.9353,-7.9562],[112.9376,-7.9504],[112.9449,-7.9495],[112.9504,-7.9229],[112.9488,-7.9063],[112.966,-7.896],[113.0484,-7.8169],[113.0569,-7.7621],[113.0648,-7.7375],[113.0731,-7.725],[113.0826,-7.7145],[113.0881,-7.7074],[113.0925,-7.7064],[113.0503,-7.6575],[113.0275,-7.6491],[112.9925,-7.6575],[112.9464,-7.644],[112.9439,-7.6485],[112.937,-7.6543],[112.9171,-7.6787],[112.908,-7.6792],[112.9012,-7.6864],[112.8715,-7.6512],[112.8864,-7.6235],[112.9009,-7.6289],[112.8804,-7.606],[112.8708,-7.5852],[112.8567,-7.5841],[112.8448,-7.5779],[112.8375,-7.5684],[112.8342,-7.5539],[112.7847,-7.5628],[112.7534,-7.5753],[112.7477,-7.5719],[112.7389,-7.5732],[112.7246,-7.5702],[112.7197,-7.5615],[112.7119,-7.5574],[112.7062,-7.5449],[112.6826,-7.5486],[112.6734,-7.5604],[112.664,-7.5604],[112.6537,-7.5828],[112.6605,-7.5922],[112.6304,-7.6148],[112.6276,-7.6391],[112.6224,-7.6606],[112.6147,-7.6813],[112.5934,-7.7014],[112.5893,-7.7141],[112.5749,-7.7327],[112.5813,-7.7509],[112.5815,-7.7591],[112.5883,-7.7655],[112.6023,-7.7692],[112.6164,-7.7877],[112.6568,-7.7977],[112.6695,-7.8068],[112.6996,-7.814],[112.7112,-7.8252],[112.7285,-7.82],[112.7436,-7.848],[112.7583,-7.8535],[112.7807,-7.874],[112.7799,-7.8915],[112.7844,-7.9007],[112.8012,-7.9192],[112.8134,-7.9279],[112.8234,-7.9329]]]},"properties":{"kdkb":"3514","nama":"Pasuruan","kdpr":"35"}},{"type":"Feature","geometry":{"type":"Polygon","coordinates":[[[111.4214,-8.1716],[111.4378,-8.1632],[111.4752,-8.1713],[111.4723,-8.143],[111.4826,-8.1088],[111.5225,-8.1084],[111.5335,-8.0626],[111.5731,-8.048],[111.5814,-8.0263],[111.6307,-8.0036],[111.6533,-8.0205],[111.6558,-7.9982],[111.657,-7.9927],[111.6534,-7.9834],[111.6563,-7.9759],[111.661,-7.9754],[111.6617,-7.9717],[111.6606,-7.9691],[111.6537,-7.9665],[111.6475,-7.9686],[111.6384,-7.9661],[111.6367,-7.9642],[111.6377,-7.9608],[111.6553,-7.9407],[111.678,-7.9413],[111.6918,-7.931],[111.7045,-7.9067],[111.7325,-7.8949],[111.7519,-7.8973],[111.7534,-7.9],[111.7529,-7.9035],[111.7561,-7.8987],[111.7578,-7.8965],[111.7587,-7.8948],[111.7711,-7.8868],[111.7731,-7.86],[111.7714,-7.8561],[111.7808,-7.839],[111.7853,-7.8357],[111.7849,-7.83],[111.7788,-7.8219],[111.7733,-7.8202],[111.7688,-7.8241],[111.7584,-7.811],[111.7522,-7.801],[111.7328,-7.8013],[111.7208,-7.8135],[111.7002,-7.8121],[111.6778,-7.7744],[111.6578,-7.7673],[111.6046,-7.7813],[111.592,-7.7954],[111.5685,-7.8016],[111.5507,-7.8046],[111.5237,-7.8017],[111.5121,-7.7986],[111.5086,-7.7994],[111.4948,-7.7891],[111.4742,-7.7793],[111.4605,-7.7797],[111.4507,-7.7812],[111.4499,-7.779],[111.4279,-7.776],[111.3379,-7.7892],[111.3277,-7.7888],[111.3186,-7.7864],[111.2961,-7.7942],[111.2899,-7.794],[111.2986,-7.8013],[111.3008,-7.8115],[111.3039,-7.8181],[111.3038,-7.8313],[111.3193,-7.8544],[111.2997,-7.8599],[111.2994,-7.8785],[111.2879,-7.9062],[111.2734,-7.9242],[111.2746,-7.9315],[111.2733,-7.9374],[111.3072,-7.936],[111.3225,-7.9449],[111.327,-7.9678],[111.3498,-7.977],[111.3561,-8.0003],[111.3492,-8.021],[111.3671,-8.033],[111.3533,-8.0594],[111.3544,-8.0932],[111.3679,-8.1237],[111.3799,-8.1365],[111.3805,-8.1536],[111.398,-8.1667],[111.4108,-8.1709],[111.4214,-8.1716]]]},"properties":{"kdkb":"3502","nama":"Ponorogo","kdpr":"35"}},{"type":"Feature","geometry":{"type":"Polygon","coordinates":[[[113.4446,-8.0204],[113.4583,-8.0247],[113.4662,-8.0229],[113.4799,-8.0111],[113.4763,-7.9969],[113.5142,-8.0138],[113.5279,-8.0126],[113.5608,-7.9866],[113.604,-7.9806],[113.6196,-7.9876],[113.6436,-7.9731],[113.6357,-7.9656],[113.6267,-7.9667],[113.6238,-7.9614],[113.6212,-7.9551],[113.6147,-7.9531],[113.6151,-7.9418],[113.6248,-7.9253],[113.6173,-7.8732],[113.6023,-7.8452],[113.6116,-7.8252],[113.5922,-7.8054],[113.6018,-7.7889],[113.5905,-7.7635],[113.5762,-7.75],[113.5782,-7.733],[113.5965,-7.7172],[113.5793,-7.7081],[113.5626,-7.7142],[113.5279,-7.7092],[113.4868,-7.6979],[113.4659,-7.7174],[113.4388,-7.7342],[113.382,-7.7362],[113.3721,-7.751],[113.3456,-7.771],[113.3243,-7.7762],[113.305,-7.768],[113.2713,-7.7771],[113.2568,-7.7541],[113.2372,-7.7403],[113.24,-7.8088],[113.2245,-7.8121],[113.2166,-7.8157],[113.2161,-7.8171],[113.2081,-7.8168],[113.209,-7.8151],[113.2051,-7.8044],[113.1783,-7.81],[113.1822,-7.7896],[113.1639,-7.7792],[113.1743,-7.7545],[113.1696,-7.7383],[113.1509,-7.7413],[113.1401,-7.726],[113.1145,-7.7252],[113.0925,-7.7064],[113.0881,-7.7074],[113.0826,-7.7145],[113.0731,-7.725],[113.0648,-7.7375],[113.0569,-7.7621],[113.0484,-7.8169],[112.966,-7.896],[112.9488,-7.9063],[112.9504,-7.9229],[112.9449,-7.9495],[112.9376,-7.9504],[112.9351,-7.9566],[112.9289,-7.96],[112.9355,-7.9798],[112.953,-7.9866],[112.9749,-7.9805],[112.994,-7.9606],[113.0146,-7.969],[113.0318,-7.9793],[113.051,-8.0061],[113.0643,-7.9983],[113.0697,-7.9818],[113.1041,-7.9809],[113.1147,-7.9917],[113.1242,-7.9848],[113.1543,-7.9712],[113.1911,-7.9448],[113.2061,-7.9269],[113.211,-7.9077],[113.2325,-7.9024],[113.2483,-7.908],[113.2674,-7.9013],[113.2746,-7.9295],[113.3083,-7.9265],[113.3252,-7.9287],[113.332,-7.9405],[113.345,-7.9561],[113.3571,-7.9842],[113.3625,-8.0076],[113.3639,-8.0142],[113.363,-8.0277],[113.3715,-8.0234],[113.4058,-8.0086],[113.4446,-8.0204]]]},"properties":{"kdkb":"3513","nama":"Probolinggo","kdpr":"35"}},{"type":"Feature","geometry":{"type":"Polygon","coordinates":[[[113.0556,-7.1943],[113.0406,-7.2137],[113.0979,-7.2285],[113.1328,-7.2231],[113.1698,-7.2275],[113.2268,-7.2205],[113.2609,-7.2249],[113.2747,-7.2154],[113.3155,-7.2189],[113.3268,-7.2135],[113.3935,-7.2176],[113.386,-7.1901],[113.3765,-7.1994],[113.3814,-7.1788],[113.3794,-7.1496],[113.3643,-7.1523],[113.3588,-7.1447],[113.3666,-7.1281],[113.3678,-7.1216],[113.3649,-7.1094],[113.3627,-7.107],[113.3796,-7.0925],[113.3824,-7.0798],[113.3944,-7.0619],[113.3923,-7.0343],[113.4228,-7.0086],[113.4196,-6.9949],[113.4366,-6.9601],[113.4575,-6.9491],[113.4779,-6.9246],[113.483,-6.9021],[113.4383,-6.8888],[113.3235,-6.8881],[113.2271,-6.8908],[113.2005,-6.8979],[113.1668,-6.8912],[113.1245,-6.8927],[113.1244,-6.896],[113.1275,-6.9047],[113.1163,-6.9154],[113.1112,-6.9374],[113.105,-6.9871],[113.1338,-6.9761],[113.1477,-6.9839],[113.1332,-7.0359],[113.1152,-7.0317],[113.1086,-7.0774],[113.1159,-7.1046],[113.0639,-7.1643],[113.0568,-7.1686],[113.0556,-7.1943]]]},"properties":{"kdkb":"3527","nama":"Sampang","kdpr":"35"}},{"type":"Feature","geometry":{"type":"Polygon","coordinates":[[[112.6635,-7.5599],[112.6734,-7.5604],[112.6826,-7.5486],[112.7062,-7.5449],[112.7119,-7.5574],[112.7228,-7.5688],[112.7287,-7.5718],[112.733,-7.571],[112.7398,-7.5733],[112.7469,-7.5718],[112.7534,-7.5753],[112.7847,-7.5628],[112.8342,-7.5539],[112.8449,-7.5748],[112.8604,-7.5762],[112.8684,-7.5691],[112.8721,-7.5371],[112.8651,-7.5185],[112.8374,-7.5118],[112.8129,-7.4795],[112.8375,-7.4716],[112.8326,-7.405],[112.8427,-7.3385],[112.8129,-7.3463],[112.7889,-7.344],[112.7795,-7.3447],[112.7554,-7.3367],[112.7275,-7.3485],[112.7157,-7.3418],[112.7047,-7.3361],[112.6784,-7.3504],[112.6624,-7.3513],[112.6535,-7.3621],[112.5924,-7.3722],[112.5668,-7.3977],[112.5425,-7.406],[112.5238,-7.4036],[112.4924,-7.4102],[112.4828,-7.4113],[112.4686,-7.4453],[112.4886,-7.4599],[112.5703,-7.4781],[112.6026,-7.5012],[112.6305,-7.5327],[112.6467,-7.537],[112.6635,-7.5599]]]},"properties":{"kdkb":"3515","nama":"Sidoarjo","kdpr":"35"}},{"type":"Feature","geometry":{"type":"Polygon","coordinates":[[[114.2497,-7.9394],[114.2762,-7.9127],[114.2931,-7.8889],[114.3177,-7.8951],[114.33,-7.9018],[114.3903,-7.9269],[114.4128,-7.9401],[114.4238,-7.9355],[114.4235,-7.9169],[114.4638,-7.8893],[114.4596,-7.8624],[114.4681,-7.8351],[114.4485,-7.7963],[114.4044,-7.7701],[114.3955,-7.7716],[114.3668,-7.7537],[114.3287,-7.7583],[114.3098,-7.7463],[114.2938,-7.7478],[114.2353,-7.699],[114.2078,-7.7181],[114.1949,-7.7076],[114.1657,-7.7152],[114.1349,-7.7137],[114.1009,-7.7015],[114.0604,-7.6237],[114.0305,-7.6101],[114.0045,-7.6348],[113.9723,-7.6515],[113.9543,-7.6791],[113.9432,-7.6754],[113.9305,-7.7007],[113.9047,-7.6995],[113.8691,-7.6826],[113.8412,-7.6845],[113.8171,-7.6994],[113.7965,-7.727],[113.7633,-7.7378],[113.75,-7.7352],[113.7075,-7.7101],[113.6661,-7.737],[113.6475,-7.7235],[113.5965,-7.7172],[113.5782,-7.733],[113.5762,-7.75],[113.5905,-7.7635],[113.6018,-7.7889],[113.5922,-7.8054],[113.6116,-7.8252],[113.6023,-7.8452],[113.6173,-7.8732],[113.6248,-7.9253],[113.6151,-7.9418],[113.6147,-7.9531],[113.6212,-7.9551],[113.6238,-7.9614],[113.6371,-7.9496],[113.6604,-7.9385],[113.6629,-7.9216],[113.6997,-7.8996],[113.7285,-7.8582],[113.7337,-7.8093],[113.7474,-7.7963],[113.7683,-7.7949],[113.7999,-7.8078],[113.8091,-7.8131],[113.8214,-7.811],[113.8343,-7.8131],[113.8411,-7.808],[113.849,-7.7961],[113.8967,-7.7983],[113.9287,-7.7906],[113.9368,-7.7917],[113.936,-7.7901],[113.9357,-7.7764],[113.9508,-7.7652],[113.9631,-7.7735],[113.9999,-7.7721],[114.0072,-7.7597],[114.0119,-7.7626],[114.0442,-7.7584],[114.0713,-7.7612],[114.0793,-7.7707],[114.0749,-7.7831],[114.0869,-7.7993],[114.0892,-7.8243],[114.0956,-7.8406],[114.0939,-7.8817],[114.1111,-7.9096],[114.1171,-7.9541],[114.1279,-7.976],[114.1412,-7.9814],[114.1751,-7.9696],[114.2117,-7.9778],[114.2243,-7.9867],[114.2497,-7.9394]]]},"properties":{"kdkb":"3512","nama":"Situbondo","kdpr":"35"}},{"type":"Feature","geometry":{"type":"MultiPolygon","coordinates":[[[[113.6023,-7.1215],[113.654,-7.1278],[113.6729,-7.1107],[113.746,-7.1158],[113.7966,-7.1252],[113.8155,-7.1331],[113.8917,-7.1331],[113.8886,-7.1043],[113.8705,-7.0945],[113.8802,-7.0742],[113.9067,-7.0471],[113.9213,-7.0436],[113.9412,-7.0574],[113.9444,-7.0385],[113.9652,-7.0397],[113.9893,-7.0085],[114.0335,-7.0089],[114.0585,-7.0034],[114.0929,-6.9801],[114.1248,-6.9774],[114.1066,-6.9415],[114.0906,-6.9284],[114.0218,-6.899],[113.9675,-6.873],[113.9083,-6.8634],[113.8857,-6.8659],[113.798,-6.8853],[113.7451,-6.8839],[113.7299,-6.8874],[113.6808,-6.8827],[113.6378,-6.8929],[113.64,-6.9281],[113.6257,-6.966],[113.6083,-6.9742],[113.6083,-7.013],[113.5814,-7.0188],[113.5832,-7.0415],[113.6073,-7.0739],[113.6141,-7.0811],[113.6199,-7.0887],[113.6209,-7.1037],[113.6023,-7.1215]]],[[[114.3777,-7.122],[114.3707,-7.0896],[114.3329,-7.0586],[114.3018,-7.0622],[114.2747,-7.0885],[114.2781,-7.1175],[114.2952,-7.1434],[114.3134,-7.1589],[114.384,-7.1818],[114.402,-7.1711],[114.3888,-7.1337],[114.3777,-7.122]]],[[[114.605,-7.1376],[114.5344,-7.131],[114.5663,-7.1595],[114.5919,-7.1662],[114.6105,-7.1625],[114.605,-7.1376]]],[[[114.5024,-7.1427],[114.4772,-7.1437],[114.4836,-7.1605],[114.5065,-7.1556],[114.5024,-7.1427]]],[[[113.9068,-7.2103],[113.9402,-7.1997],[113.9225,-7.1738],[113.8829,-7.1938],[113.8867,-7.2118],[113.9068,-7.2103]]],[[[114.012,-7.0704],[113.9843,-7.0728],[113.9592,-7.0656],[113.9365,-7.0748],[113.9449,-7.0879],[113.9847,-7.1057],[114.011,-7.1053],[114.0452,-7.1136],[114.0633,-7.1112],[114.0494,-7.0758],[114.012,-7.0704]]],[[[114.1846,-6.988],[114.167,-6.9738],[114.161,-6.9988],[114.1799,-7.0048],[114.1846,-6.988]]],[[[115.8706,-7.2046],[115.8947,-7.1934],[115.8993,-7.1762],[115.9021,-7.1252],[115.8881,-7.1224],[115.8705,-7.1338],[115.8734,-7.1536],[115.8432,-7.1647],[115.8355,-7.1509],[115.8021,-7.1499],[115.797,-7.123],[115.7608,-7.137],[115.7413,-7.1551],[115.756,-7.1746],[115.8366,-7.2087],[115.8706,-7.2046]]],[[[115.6358,-7.0496],[115.6002,-7.0391],[115.5995,-7.0534],[115.6303,-7.0673],[115.6358,-7.0496]]],[[[115.5446,-6.9928],[115.5287,-6.9904],[115.5084,-7.0133],[115.5338,-7.0334],[115.5446,-6.9928]]],[[[115.4654,-6.9834],[115.4303,-6.9788],[115.4296,-6.9952],[115.4473,-7.0037],[115.4763,-7.0059],[115.4654,-6.9834]]],[[[115.3398,-6.9472],[115.3368,-6.9277],[115.3697,-6.9237],[115.3653,-6.9124],[115.3973,-6.9079],[115.3971,-6.9243],[115.4086,-6.9394],[115.4465,-6.9249],[115.5194,-6.9453],[115.5487,-6.9663],[115.5708,-6.9436],[115.5748,-6.9293],[115.56,-6.9063],[115.543,-6.9019],[115.5195,-6.882],[115.437,-6.8468],[115.3935,-6.8348],[115.319,-6.8345],[115.2759,-6.8276],[115.2467,-6.8273],[115.2536,-6.8625],[115.2399,-6.8863],[115.2071,-6.8899],[115.2003,-6.9075],[115.2038,-6.9387],[115.2225,-6.9351],[115.2562,-6.9549],[115.2671,-6.9947],[115.2926,-7.0055],[115.301,-6.9886],[115.3008,-6.9537],[115.3262,-6.9619],[115.321,-6.9749],[115.3338,-6.9959],[115.3815,-6.9954],[115.4043,-6.9887],[115.3854,-6.958],[115.3509,-6.9367],[115.3398,-6.9472]]],[[[115.5908,-6.946],[115.571,-6.95],[115.5716,-6.9783],[115.5907,-6.9812],[115.6143,-7.006],[115.6399,-6.9998],[115.6672,-7.0078],[115.6829,-7.0035],[115.6519,-6.9781],[115.5908,-6.946]]],[[[114.4312,-5.5461],[114.415,-5.5363],[114.3932,-5.5427],[114.3929,-5.5646],[114.4351,-5.5885],[114.4509,-5.5722],[114.4519,-5.5473],[114.4312,-5.5461]]],[[[114.4194,-5.4311],[114.4095,-5.4421],[114.425,-5.4618],[114.4368,-5.4485],[114.4194,-5.4311]]],[[[114.6076,-5.063],[114.5928,-5.0778],[114.589,-5.0957],[114.6035,-5.1026],[114.6116,-5.08],[114.6076,-5.063]]]]},"properties":{"kdkb":"3529","nama":"Sumenep","kdpr":"35"}},{"type":"Feature","geometry":{"type":"Polygon","coordinates":[[[112.7047,-7.3361],[112.7157,-7.3418],[112.7275,-7.3485],[112.7554,-7.3367],[112.7795,-7.3447],[112.7889,-7.344],[112.8129,-7.3463],[112.8425,-7.317],[112.8469,-7.2967],[112.8363,-7.2673],[112.8041,-7.2519],[112.78,-7.2087],[112.7636,-7.1959],[112.7315,-7.1985],[112.7149,-7.2156],[112.6861,-7.2255],[112.671,-7.2224],[112.6592,-7.1964],[112.6134,-7.209],[112.5927,-7.2023],[112.5923,-7.2071],[112.5916,-7.2232],[112.6065,-7.2486],[112.6323,-7.2617],[112.6282,-7.2787],[112.6262,-7.3001],[112.6494,-7.3146],[112.6558,-7.3426],[112.6563,-7.3568],[112.6624,-7.3513],[112.6784,-7.3504],[112.7047,-7.3361]]]},"properties":{"kdkb":"3578","nama":"Kota Surabaya","kdpr":"35"}},{"type":"Feature","geometry":{"type":"Polygon","coordinates":[[[111.41572247191012,-8.2741],[111.41572105263158,-8.274057894736842],[111.4224,-8.2618],[111.4486,-8.2701],[111.4446,-8.2951],[111.4638,-8.3227],[111.4945,-8.3153],[111.5117,-8.3329],[111.5281,-8.3318],[111.5338,-8.3152],[111.5616,-8.3082],[111.5731,-8.3187],[111.6072,-8.3303],[111.6283,-8.3254],[111.6328,-8.3433],[111.6494,-8.3552],[111.6673,-8.356],[111.6746,-8.3716],[111.7008,-8.3772],[111.7135,-8.3517],[111.69,-8.3291],[111.7131,-8.3225],[111.707,-8.3027],[111.7298,-8.2879],[111.7486,-8.3128],[111.7387,-8.3329],[111.754,-8.3401],[111.7767,-8.3256],[111.7683,-8.2965],[111.7588,-8.2902],[111.756,-8.2863],[111.7459,-8.2654],[111.7349,-8.2542],[111.7316,-8.2389],[111.7322,-8.2084],[111.7171,-8.1746],[111.7361,-8.1427],[111.7532,-8.1468],[111.771,-8.138],[111.8177,-8.1369],[111.8384,-8.1228],[111.8439,-8.0964],[111.8132,-8.0876],[111.7802,-8.0392],[111.7644,-8.0345],[111.7543,-8.0136],[111.7605,-7.9927],[111.7417,-7.9696],[111.7434,-7.9545],[111.7404,-7.9431],[111.7384,-7.9386],[111.7382,-7.9307],[111.7399,-7.9252],[111.748,-7.921],[111.7539,-7.9287],[111.7596,-7.9262],[111.7612,-7.9231],[111.7594,-7.9225],[111.7591,-7.9179],[111.7543,-7.9099],[111.7529,-7.9035],[111.7534,-7.9],[111.7519,-7.8973],[111.7325,-7.8949],[111.7045,-7.9067],[111.6918,-7.931],[111.678,-7.9413],[111.6553,-7.9407],[111.6377,-7.9608],[111.637,-7.9654],[111.6454,-7.9684],[111.653,-7.9664],[111.6587,-7.9682],[111.6608,-7.9692],[111.6622,-7.974],[111.6608,-7.9755],[111.6564,-7.9758],[111.6537,-7.9816],[111.6536,-7.9863],[111.657,-7.9927],[111.6558,-7.9982],[111.6533,-8.0205],[111.6307,-8.0036],[111.5814,-8.0263],[111.5731,-8.048],[111.5335,-8.0626],[111.5225,-8.1084],[111.4826,-8.1088],[111.4723,-8.143],[111.4752,-8.1713],[111.4378,-8.1632],[111.4248,-8.1703],[111.4256,-8.1833],[111.4007,-8.1953],[111.4089,-8.2127],[111.391,-8.2337],[111.4064,-8.2584],[111.4032,-8.2678],[111.41572247191012,-8.2741]]]},"properties":{"kdkb":"3503","nama":"Trenggalek","kdpr":"35"}},{"type":"Feature","geometry":{"type":"Polygon","coordinates":[[[111.9308,-7.1588],[111.9426,-7.1547],[111.9513,-7.1332],[111.9863,-7.1388],[112.0034,-7.1082],[112.0144,-7.1017],[112.0154,-7.0927],[112.0207,-7.0837],[112.016,-7.0694],[112.0348,-7.0772],[112.0391,-7.071],[112.0398,-7.0784],[112.0824,-7.0654],[112.0856,-7.0856],[112.1155,-7.0897],[112.1237,-7.0923],[112.1273,-7.0986],[112.1419,-7.1047],[112.1518,-7.1032],[112.1461,-7.107],[112.1662,-7.0978],[112.175,-7.0865],[112.1839,-7.0835],[112.2172,-7.0748],[112.2153,-7.0547],[112.2041,-7.0259],[112.2146,-7.0095],[112.202,-6.9444],[112.2032,-6.9218],[112.172,-6.9026],[112.1513,-6.8968],[112.126,-6.9025],[112.0674,-6.8893],[112.0528,-6.8867],[112.0133,-6.8395],[112.0071,-6.819],[111.9872,-6.7952],[111.9801,-6.7732],[111.9593,-6.7634],[111.8648,-6.7985],[111.8331,-6.8004],[111.7852,-6.78],[111.751,-6.7704],[111.7179,-6.7693],[111.6879,-6.7594],[111.6774,-6.7708],[111.6755,-6.7693],[111.6631,-6.7708],[111.6644,-6.7972],[111.6612,-6.8167],[111.6563,-6.8206],[111.635,-6.8289],[111.6193,-6.8217],[111.6104,-6.8478],[111.6134,-6.8779],[111.6114,-6.8824],[111.608,-6.9018],[111.5858,-6.9097],[111.579,-6.9124],[111.5764,-6.9152],[111.575,-6.9179],[111.5762,-6.9238],[111.5721,-6.9524],[111.6108,-6.975],[111.6243,-6.9897],[111.6467,-6.9967],[111.6575,-7.0143],[111.6601,-7.0392],[111.6718,-7.0406],[111.7145,-7.082],[111.7367,-7.0849],[111.7776,-7.0824],[111.8255,-7.0875],[111.8387,-7.1041],[111.8768,-7.1328],[111.899,-7.1366],[111.9313,-7.1335],[111.9308,-7.1588]]]},"properties":{"kdkb":"3523","nama":"Tuban","kdpr":"35"}},{"type":"Feature","geometry":{"type":"Polygon","coordinates":[[[112.0306,-8.2627],[112.0251,-8.248],[112.0227,-8.2288],[112.0239,-8.2253],[112.023,-8.1933],[112.0288,-8.1682],[112.0576,-8.1836],[112.0786,-8.1875],[112.1037,-8.1584],[112.1165,-8.1576],[112.1199,-8.1273],[112.0948,-8.1106],[112.0821,-8.1189],[112.0452,-8.1085],[112.0326,-8.1001],[112.0031,-8.0954],[111.9912,-8.0782],[111.9946,-8.0593],[111.9749,-8.0443],[111.9567,-8.0089],[111.9571,-7.9975],[111.9558,-7.9891],[111.9504,-7.9748],[111.947,-7.9667],[111.9452,-7.9536],[111.9411,-7.9561],[111.9312,-7.9623],[111.8836,-7.9479],[111.863,-7.9077],[111.8304,-7.8774],[111.8027,-7.8657],[111.7972,-7.8479],[111.7947,-7.8365],[111.7857,-7.8333],[111.7853,-7.8359],[111.7821,-7.8374],[111.7795,-7.8411],[111.7714,-7.856],[111.7731,-7.86],[111.7711,-7.8868],[111.7587,-7.8948],[111.7578,-7.8965],[111.7561,-7.8987],[111.7543,-7.9099],[111.7591,-7.9179],[111.7607,-7.9246],[111.7561,-7.9285],[111.7526,-7.9285],[111.7497,-7.9228],[111.7468,-7.921],[111.7394,-7.9261],[111.7381,-7.934],[111.7404,-7.9431],[111.7434,-7.9545],[111.7417,-7.9696],[111.7605,-7.9927],[111.7543,-8.0136],[111.7644,-8.0345],[111.7802,-8.0392],[111.8132,-8.0876],[111.8439,-8.0964],[111.8384,-8.1228],[111.8177,-8.1369],[111.771,-8.138],[111.7532,-8.1468],[111.7361,-8.1427],[111.7171,-8.1746],[111.7322,-8.2084],[111.7316,-8.2389],[111.7349,-8.2542],[111.7459,-8.2654],[111.756,-8.2863],[111.7588,-8.2902],[111.7785,-8.2562],[111.8003,-8.2583],[111.8426,-8.2822],[111.8626,-8.2696],[111.875,-8.2912],[111.9292,-8.3066],[111.9429,-8.279],[111.978,-8.2839],[111.9934,-8.2974],[112.0281,-8.3126],[112.0316,-8.3075],[112.0244,-8.2869],[112.0306,-8.2627]]]},"properties":{"kdkb":"3504","nama":"Tulungagung","kdpr":"35"}},{"type":"Feature","geometry":{"type":"Polygon","coordinates":[[[110.3367,-8.021],[110.3312,-7.9989],[110.3512,-7.9955],[110.3672,-7.9734],[110.3809,-7.982],[110.3964,-7.9698],[110.422,-7.9735],[110.4435,-7.9668],[110.4436,-7.9513],[110.476,-7.9645],[110.488,-7.9452],[110.4966,-7.893],[110.4769,-7.8883],[110.4675,-7.8667],[110.4876,-7.8399],[110.4945,-7.8394],[110.5163,-7.8376],[110.5151,-7.8303],[110.5112,-7.8288],[110.5052,-7.8235],[110.4602,-7.8197],[110.4342,-7.8331],[110.4209,-7.807],[110.4207,-7.7938],[110.4165,-7.7867],[110.4128,-7.7833],[110.4113,-7.7896],[110.4094,-7.7863],[110.397,-7.7863],[110.3958,-7.7944],[110.4048,-7.8226],[110.4035,-7.833],[110.3934,-7.8263],[110.3958,-7.8325],[110.3898,-7.8402],[110.3879,-7.835],[110.387,-7.834],[110.3798,-7.8285],[110.3515,-7.8254],[110.3446,-7.8073],[110.3512,-7.7813],[110.351,-7.7679],[110.3464,-7.7852],[110.3392,-7.7924],[110.316,-7.8052],[110.3025,-7.8272],[110.2976,-7.8272],[110.2928,-7.8339],[110.2876,-7.8219],[110.2888,-7.7849],[110.2838,-7.7862],[110.2539,-7.7961],[110.2483,-7.8038],[110.2478,-7.8058],[110.2334,-7.815],[110.2231,-7.8402],[110.2599,-7.873],[110.2743,-7.9005],[110.2695,-7.9278],[110.2562,-7.9234],[110.2468,-7.929],[110.2317,-7.9597],[110.2096,-7.9823],[110.2726,-8.0089],[110.3367,-8.021]]]},"properties":{"kdkb":"3402","nama":"Bantul","kdpr":"34"}},{"type":"Feature","geometry":{"type":"Polygon","coordinates":[[[110.74469901960784,-8.195301470588234],[110.74470327868852,-8.19530327868852],[110.7816,-8.1962],[110.8301,-8.2028],[110.8289,-8.1956],[110.8346,-8.1898],[110.8332,-8.1736],[110.8121,-8.1468],[110.7993,-8.1626],[110.7855,-8.1397],[110.7899,-8.1255],[110.7785,-8.0676],[110.7542,-8.0258],[110.7684,-7.9795],[110.771,-7.902],[110.7778,-7.8919],[110.7847,-7.8267],[110.7798,-7.8139],[110.7722,-7.8085],[110.7653,-7.8134],[110.7423,-7.8067],[110.7164,-7.7915],[110.7142,-7.799],[110.7095,-7.8048],[110.6804,-7.8056],[110.6729,-7.7865],[110.6687,-7.7871],[110.658,-7.8048],[110.6079,-7.7982],[110.6071,-7.7984],[110.5987,-7.7999],[110.588,-7.805],[110.577,-7.8071],[110.5839,-7.798],[110.5621,-7.7822],[110.5484,-7.7912],[110.544,-7.7965],[110.5455,-7.8157],[110.5323,-7.8235],[110.531,-7.8259],[110.5227,-7.8281],[110.5163,-7.8376],[110.4945,-7.8394],[110.4876,-7.8399],[110.4675,-7.8667],[110.4769,-7.8883],[110.4966,-7.893],[110.488,-7.9452],[110.476,-7.9645],[110.4436,-7.9513],[110.4435,-7.9668],[110.422,-7.9735],[110.3964,-7.9698],[110.3809,-7.982],[110.3672,-7.9734],[110.3512,-7.9955],[110.3312,-7.9989],[110.3367,-8.021],[110.3555,-8.0527],[110.3752,-8.0716],[110.4164,-8.0826],[110.4389,-8.1007],[110.4503,-8.1005],[110.5463,-8.1355],[110.603,-8.1453],[110.644,-8.1685],[110.6909,-8.1873],[110.7084,-8.1836],[110.7151,-8.1972],[110.74469901960784,-8.195301470588234]]]},"properties":{"kdkb":"3403","nama":"Gunungkidul","kdpr":"34"}},{"type":"Feature","geometry":{"type":"Polygon","coordinates":[[[110.3958,-7.8325],[110.3934,-7.8263],[110.4035,-7.833],[110.4048,-7.8226],[110.3958,-7.7944],[110.3971,-7.7883],[110.3948,-7.7885],[110.3905,-7.7804],[110.3522,-7.7664],[110.3521,-7.7717],[110.3512,-7.7813],[110.3446,-7.8073],[110.3515,-7.8254],[110.3798,-7.8285],[110.387,-7.834],[110.3879,-7.835],[110.3898,-7.8402],[110.3958,-7.8325]]]},"properties":{"kdkb":"3471","nama":"Kota Yogyakarta","kdpr":"34"}},{"type":"Feature","geometry":{"type":"Polygon","coordinates":[[[110.0277,-7.8914],[110.0299,-7.9016],[110.0951,-7.9267],[110.2096,-7.9823],[110.2317,-7.9597],[110.2481,-7.9277],[110.2562,-7.9234],[110.2695,-7.9278],[110.2743,-7.9005],[110.2599,-7.873],[110.2231,-7.8402],[110.2324,-7.81],[110.2284,-7.8059],[110.233,-7.7909],[110.2204,-7.7767],[110.2196,-7.7478],[110.2319,-7.7224],[110.2387,-7.7131],[110.258,-7.7053],[110.263,-7.679],[110.2652,-7.6681],[110.263,-7.6609],[110.2638,-7.6527],[110.2503,-7.6461],[110.245,-7.6512],[110.213,-7.648],[110.1514,-7.6463],[110.1365,-7.6543],[110.1179,-7.6683],[110.1379,-7.6934],[110.1323,-7.7405],[110.114,-7.7649],[110.1127,-7.7769],[110.0902,-7.7893],[110.0808,-7.8066],[110.0623,-7.8144],[110.0594,-7.8413],[110.045,-7.8696],[110.0347,-7.8853],[110.0327,-7.888],[110.0277,-7.8914]]]},"properties":{"kdkb":"3401","nama":"Kulon Progo","kdpr":"34"}},{"type":"Feature","geometry":{"type":"Polygon","coordinates":[[[110.2976,-7.8272],[110.3025,-7.8272],[110.316,-7.8052],[110.3392,-7.7924],[110.3464,-7.7852],[110.351,-7.7679],[110.3521,-7.7717],[110.3522,-7.7664],[110.3905,-7.7804],[110.3948,-7.7885],[110.3971,-7.7883],[110.397,-7.7863],[110.4094,-7.7863],[110.4113,-7.7896],[110.4128,-7.7833],[110.4165,-7.7867],[110.4207,-7.7938],[110.4209,-7.807],[110.4342,-7.8331],[110.4602,-7.8197],[110.5052,-7.8235],[110.5112,-7.8288],[110.5151,-7.8303],[110.5227,-7.8281],[110.531,-7.8259],[110.5323,-7.8235],[110.5455,-7.8157],[110.544,-7.7965],[110.5374,-7.7947],[110.5336,-7.796],[110.5295,-7.7908],[110.5071,-7.769],[110.4918,-7.7668],[110.4917,-7.7414],[110.4687,-7.6383],[110.4685,-7.6176],[110.4563,-7.5576],[110.4461,-7.5418],[110.416,-7.5612],[110.3882,-7.5975],[110.355,-7.6226],[110.3041,-7.6549],[110.2726,-7.7068],[110.258,-7.7053],[110.2387,-7.7131],[110.2319,-7.7224],[110.2196,-7.7478],[110.2204,-7.7767],[110.233,-7.7909],[110.2284,-7.8059],[110.2324,-7.81],[110.2334,-7.815],[110.2478,-7.8058],[110.2483,-7.8038],[110.2539,-7.7961],[110.2838,-7.7862],[110.2888,-7.7849],[110.2876,-7.8219],[110.2928,-7.8339],[110.2976,-7.8272]]]},"properties":{"kdkb":"3404","nama":"Sleman","kdpr":"34"}}]}